
C:\Users\Admin\Desktop\CH32V003\.pio\build\genericCH32V003F4P6/firmware.elf:     file format elf32-littleriscv


Disassembly of section .init:

00000000 <_sinit>:
	.section  .init, "ax", @progbits
	.globl  _start
	.align  2
_start:
	.option   norvc;
    j       handle_reset
   0:	17c0006f          	j	17c <handle_reset>
   4:	00000000          	.word	0x00000000
   8:	0000017a          	.word	0x0000017a
   c:	0000017a          	.word	0x0000017a
	...
  30:	0000017a          	.word	0x0000017a
  34:	00000000          	.word	0x00000000
  38:	0000017a          	.word	0x0000017a
  3c:	00000000          	.word	0x00000000
  40:	0000017a          	.word	0x0000017a
  44:	0000017a          	.word	0x0000017a
  48:	0000017a          	.word	0x0000017a
  4c:	0000017a          	.word	0x0000017a
  50:	0000017a          	.word	0x0000017a
  54:	0000017a          	.word	0x0000017a
  58:	0000017a          	.word	0x0000017a
  5c:	0000017a          	.word	0x0000017a
  60:	0000017a          	.word	0x0000017a
  64:	0000017a          	.word	0x0000017a
  68:	0000017a          	.word	0x0000017a
  6c:	0000017a          	.word	0x0000017a
  70:	0000017a          	.word	0x0000017a
  74:	0000017a          	.word	0x0000017a
  78:	0000017a          	.word	0x0000017a
  7c:	0000017a          	.word	0x0000017a
  80:	0000017a          	.word	0x0000017a
  84:	0000017a          	.word	0x0000017a
  88:	0000017a          	.word	0x0000017a
  8c:	0000017a          	.word	0x0000017a
  90:	0000017a          	.word	0x0000017a
  94:	0000017a          	.word	0x0000017a
  98:	0000017a          	.word	0x0000017a
  9c:	0000                	unimp
	...

Disassembly of section .text:

000000c0 <__riscv_save_0>:
      c0:	1151                	addi	sp,sp,-12
      c2:	c026                	sw	s1,0(sp)
      c4:	c222                	sw	s0,4(sp)
      c6:	c406                	sw	ra,8(sp)
      c8:	8282                	jr	t0

000000ca <__riscv_restore_0>:
      ca:	4482                	lw	s1,0(sp)
      cc:	4412                	lw	s0,4(sp)
      ce:	40a2                	lw	ra,8(sp)
      d0:	0131                	addi	sp,sp,12
      d2:	8082                	ret

000000d4 <__mulsi3>:
      d4:	862a                	mv	a2,a0
      d6:	4501                	li	a0,0
      d8:	0015f693          	andi	a3,a1,1
      dc:	c291                	beqz	a3,e0 <__mulsi3+0xc>
      de:	9532                	add	a0,a0,a2
      e0:	8185                	srli	a1,a1,0x1
      e2:	0606                	slli	a2,a2,0x1
      e4:	f9f5                	bnez	a1,d8 <__mulsi3+0x4>
      e6:	8082                	ret
      e8:	0000                	unimp
	...

000000ec <__divsi3>:
      ec:	02054e63          	bltz	a0,128 <__umodsi3+0x8>
      f0:	0405c363          	bltz	a1,136 <__umodsi3+0x16>

000000f4 <__hidden___udivsi3>:
      f4:	862e                	mv	a2,a1
      f6:	85aa                	mv	a1,a0
      f8:	557d                	li	a0,-1
      fa:	c215                	beqz	a2,11e <__stack_size+0x1e>
      fc:	4685                	li	a3,1
      fe:	00b67863          	bgeu	a2,a1,10e <__stack_size+0xe>
     102:	00c05663          	blez	a2,10e <__stack_size+0xe>
     106:	0606                	slli	a2,a2,0x1
     108:	0686                	slli	a3,a3,0x1
     10a:	feb66ce3          	bltu	a2,a1,102 <__stack_size+0x2>
     10e:	4501                	li	a0,0
     110:	00c5e463          	bltu	a1,a2,118 <__stack_size+0x18>
     114:	8d91                	sub	a1,a1,a2
     116:	8d55                	or	a0,a0,a3
     118:	8285                	srli	a3,a3,0x1
     11a:	8205                	srli	a2,a2,0x1
     11c:	faf5                	bnez	a3,110 <__stack_size+0x10>
     11e:	8082                	ret

00000120 <__umodsi3>:
     120:	8286                	mv	t0,ra
     122:	3fc9                	jal	f4 <__hidden___udivsi3>
     124:	852e                	mv	a0,a1
     126:	8282                	jr	t0
     128:	40a00533          	neg	a0,a0
     12c:	00b04763          	bgtz	a1,13a <__umodsi3+0x1a>
     130:	40b005b3          	neg	a1,a1
     134:	b7c1                	j	f4 <__hidden___udivsi3>
     136:	40b005b3          	neg	a1,a1
     13a:	8286                	mv	t0,ra
     13c:	3f65                	jal	f4 <__hidden___udivsi3>
     13e:	40a00533          	neg	a0,a0
     142:	8282                	jr	t0

00000144 <__modsi3>:
     144:	8286                	mv	t0,ra
     146:	0005c763          	bltz	a1,154 <__modsi3+0x10>
     14a:	00054963          	bltz	a0,15c <__modsi3+0x18>
     14e:	375d                	jal	f4 <__hidden___udivsi3>
     150:	852e                	mv	a0,a1
     152:	8282                	jr	t0
     154:	40b005b3          	neg	a1,a1
     158:	fe055be3          	bgez	a0,14e <__modsi3+0xa>
     15c:	40a00533          	neg	a0,a0
     160:	3f51                	jal	f4 <__hidden___udivsi3>
     162:	40b00533          	neg	a0,a1
     166:	8282                	jr	t0
	...

0000016a <memset>:
     16a:	832a                	mv	t1,a0
     16c:	c611                	beqz	a2,178 <memset+0xe>
     16e:	00b30023          	sb	a1,0(t1)
     172:	167d                	addi	a2,a2,-1
     174:	0305                	addi	t1,t1,1
     176:	fe65                	bnez	a2,16e <memset+0x4>
     178:	8082                	ret

0000017a <ADC1_IRQHandler>:
TIM1_UP_IRQHandler:
TIM1_TRG_COM_IRQHandler:
TIM1_CC_IRQHandler:
TIM2_IRQHandler:
1:
	j 1b
     17a:	a001                	j	17a <ADC1_IRQHandler>

0000017c <handle_reset>:
	.weak     handle_reset
	.align    1
handle_reset:
.option push
.option norelax
	la gp, __global_pointer$
     17c:	20000197          	auipc	gp,0x20000
     180:	72418193          	addi	gp,gp,1828 # 200008a0 <__global_pointer$>
.option pop
1:
	la sp, _eusrstack
     184:	f6018113          	addi	sp,gp,-160 # 20000800 <__freertos_irq_stack_top>

	/* Load highcode code  section from flash to RAM */
2:
    la a0, _highcode_lma
     188:	0c000513          	li	a0,192
    la a1, _highcode_vma_start
     18c:	20000597          	auipc	a1,0x20000
     190:	e7458593          	addi	a1,a1,-396 # 20000000 <AHBPrescTable>
    la a2, _highcode_vma_end
     194:	20000617          	auipc	a2,0x20000
     198:	e6c60613          	addi	a2,a2,-404 # 20000000 <AHBPrescTable>
    bgeu a1, a2, 2f
     19c:	00c5fa63          	bgeu	a1,a2,1b0 <handle_reset+0x34>
1:
    lw t0, (a0)
     1a0:	00052283          	lw	t0,0(a0)
    sw t0, (a1)
     1a4:	0055a023          	sw	t0,0(a1)
    addi a0, a0, 4
     1a8:	0511                	addi	a0,a0,4
    addi a1, a1, 4
     1aa:	0591                	addi	a1,a1,4
    bltu a1, a2, 1b
     1ac:	fec5eae3          	bltu	a1,a2,1a0 <handle_reset+0x24>
2:
/* Load data section from flash to RAM */
	la a0, _data_lma
     1b0:	00002517          	auipc	a0,0x2
     1b4:	a9850513          	addi	a0,a0,-1384 # 1c48 <__fsymtab_end>
	la a1, _data_vma
     1b8:	20000597          	auipc	a1,0x20000
     1bc:	e4858593          	addi	a1,a1,-440 # 20000000 <AHBPrescTable>
	la a2, _edata
     1c0:	80c18613          	addi	a2,gp,-2036 # 200000ac <__lock___malloc_recursive_mutex>
	bgeu a1, a2, 2f
     1c4:	00c5fa63          	bgeu	a1,a2,1d8 <handle_reset+0x5c>
1:
	lw t0, (a0)
     1c8:	00052283          	lw	t0,0(a0)
	sw t0, (a1)
     1cc:	0055a023          	sw	t0,0(a1)
	addi a0, a0, 4
     1d0:	0511                	addi	a0,a0,4
	addi a1, a1, 4
     1d2:	0591                	addi	a1,a1,4
	bltu a1, a2, 1b
     1d4:	fec5eae3          	bltu	a1,a2,1c8 <handle_reset+0x4c>
2:
/* Clear bss section */
    la a0, _sbss
     1d8:	80c18513          	addi	a0,gp,-2036 # 200000ac <__lock___malloc_recursive_mutex>
    la a1, _ebss
     1dc:	82818593          	addi	a1,gp,-2008 # 200000c8 <_ebss>
    bgeu a0, a1, 2f
     1e0:	00b57763          	bgeu	a0,a1,1ee <handle_reset+0x72>
1:
    sw zero, (a0)
     1e4:	00052023          	sw	zero,0(a0)
    addi a0, a0, 4
     1e8:	0511                	addi	a0,a0,4
    bltu a0, a1, 1b
     1ea:	feb56de3          	bltu	a0,a1,1e4 <handle_reset+0x68>
2:
/* Enable global interrupt and configure privileged mode */
    li t0, 0x1880
     1ee:	6289                	lui	t0,0x2
     1f0:	88028293          	addi	t0,t0,-1920 # 1880 <_printf_i+0x92>
    csrw mstatus, t0
     1f4:	30029073          	.4byte	0x30029073
/* Enable interrupt nesting and hardware stack */
    li t0, 0x3
     1f8:	428d                	li	t0,3
    csrw 0x804, t0
     1fa:	80429073          	.4byte	0x80429073
/* Configure the interrupt vector table recognition mode and entry address mode */
    la t0, _start
     1fe:	00000297          	auipc	t0,0x0
     202:	e0228293          	addi	t0,t0,-510 # 0 <_sinit>
    ori t0, t0, 3
     206:	0032e293          	ori	t0,t0,3
    csrw mtvec, t0
     20a:	30529073          	.4byte	0x30529073
    #if defined(__PIO_CPP_CALL_FINI__)
    la a0,__libc_fini_array
    call atexit
    #endif
    /* call into C++ constructors now */
    call __libc_init_array
     20e:	23f1                	jal	7da <__libc_init_array>
    #endif

    jal   SystemInit
     210:	014000ef          	jal	ra,224 <SystemInit>
    la t0, main
     214:	00000297          	auipc	t0,0x0
     218:	31228293          	addi	t0,t0,786 # 526 <main>
    csrw mepc, t0
     21c:	34129073          	.4byte	0x34129073
    mret
     220:	30200073          	mret

00000224 <SystemInit>:
 *        the PLL and update the SystemCoreClock variable.
 *
 * @return  none
 */
void SystemInit (void)
{
     224:	e9dff2ef          	jal	t0,c0 <__riscv_save_0>
  RCC->CTLR |= (uint32_t)0x00000001;
     228:	40021437          	lui	s0,0x40021
     22c:	401c                	lw	a5,0(s0)
  RCC->CFGR0 &= (uint32_t)0xF8FF0000;
     22e:	f8ff0737          	lui	a4,0xf8ff0
  RCC->CTLR &= (uint32_t)0xFEF6FFFF;
  RCC->CTLR &= (uint32_t)0xFFFBFFFF;
  RCC->CFGR0 &= (uint32_t)0xFFFEFFFF;
  RCC->INTR = 0x009F0000;

  RCC_AdjustHSICalibrationValue(0x10);
     232:	4541                	li	a0,16
  RCC->CTLR |= (uint32_t)0x00000001;
     234:	0017e793          	ori	a5,a5,1
     238:	c01c                	sw	a5,0(s0)
  RCC->CFGR0 &= (uint32_t)0xF8FF0000;
     23a:	405c                	lw	a5,4(s0)
     23c:	8ff9                	and	a5,a5,a4
     23e:	c05c                	sw	a5,4(s0)
  RCC->CTLR &= (uint32_t)0xFEF6FFFF;
     240:	401c                	lw	a5,0(s0)
     242:	fef70737          	lui	a4,0xfef70
     246:	177d                	addi	a4,a4,-1 # fef6ffff <__global_pointer$+0xdef6f75f>
     248:	8ff9                	and	a5,a5,a4
     24a:	c01c                	sw	a5,0(s0)
  RCC->CTLR &= (uint32_t)0xFFFBFFFF;
     24c:	401c                	lw	a5,0(s0)
     24e:	fffc0737          	lui	a4,0xfffc0
     252:	177d                	addi	a4,a4,-1 # fffbffff <__global_pointer$+0xdffbf75f>
     254:	8ff9                	and	a5,a5,a4
     256:	c01c                	sw	a5,0(s0)
  RCC->CFGR0 &= (uint32_t)0xFFFEFFFF;
     258:	405c                	lw	a5,4(s0)
     25a:	7741                	lui	a4,0xffff0
     25c:	177d                	addi	a4,a4,-1 # fffeffff <__global_pointer$+0xdffef75f>
     25e:	8ff9                	and	a5,a5,a4
     260:	c05c                	sw	a5,4(s0)
  RCC->INTR = 0x009F0000;
     262:	009f07b7          	lui	a5,0x9f0
     266:	c41c                	sw	a5,8(s0)
  RCC_AdjustHSICalibrationValue(0x10);
     268:	26d1                	jal	62c <RCC_AdjustHSICalibrationValue>
 *
 * @return  none
 */
static void SetSysClock(void)
{
RCC->APB2PCENR |= RCC_APB2Periph_GPIOD;
     26a:	4c1c                	lw	a5,24(s0)
     26c:	0207e793          	ori	a5,a5,32
     270:	cc1c                	sw	a5,24(s0)
GPIOD->CFGLR&=(~0xF0);
     272:	400117b7          	lui	a5,0x40011
     276:	40078793          	addi	a5,a5,1024 # 40011400 <__global_pointer$+0x20010b60>
     27a:	4398                	lw	a4,0(a5)
     27c:	f0f77713          	andi	a4,a4,-241
     280:	c398                	sw	a4,0(a5)
GPIOD->CFGLR|=0x80;
     282:	4398                	lw	a4,0(a5)
     284:	08076713          	ori	a4,a4,128
     288:	c398                	sw	a4,0(a5)
GPIOD->BSHR =0x2;
     28a:	4709                	li	a4,2
     28c:	cb98                	sw	a4,16(a5)
 */
static void SetSysClockTo_48MHZ_HSI(void)
{
    uint8_t tmp = 0;

    tmp = *( uint8_t * )CFG0_PLL_TRIM;
     28e:	1ffff7b7          	lui	a5,0x1ffff
     292:	7d47c503          	lbu	a0,2004(a5) # 1ffff7d4 <__fsymtab_end+0x1fffdb8c>

    if(tmp != 0xFF)
     296:	0ff00793          	li	a5,255
     29a:	00f50463          	beq	a0,a5,2a2 <SystemInit+0x7e>
    {
        RCC_AdjustHSICalibrationValue((tmp & 0x1F));
     29e:	897d                	andi	a0,a0,31
     2a0:	2671                	jal	62c <RCC_AdjustHSICalibrationValue>
    }

    /* Flash 0 wait state */
    FLASH->ACTLR &= (uint32_t)((uint32_t)~FLASH_ACTLR_LATENCY);
     2a2:	400227b7          	lui	a5,0x40022
     2a6:	4398                	lw	a4,0(a5)

    /* HCLK = SYSCLK = APB1 */
    RCC->CFGR0 |= (uint32_t)RCC_HPRE_DIV1;

    /* PLL configuration: PLLCLK = HSI * 2 = 48 MHz */
    RCC->CFGR0 &= (uint32_t)((uint32_t)~(RCC_PLLSRC));
     2a8:	76c1                	lui	a3,0xffff0
     2aa:	16fd                	addi	a3,a3,-1 # fffeffff <__global_pointer$+0xdffef75f>
    FLASH->ACTLR &= (uint32_t)((uint32_t)~FLASH_ACTLR_LATENCY);
     2ac:	9b71                	andi	a4,a4,-4
     2ae:	c398                	sw	a4,0(a5)
    FLASH->ACTLR |= (uint32_t)FLASH_ACTLR_LATENCY_1;
     2b0:	4398                	lw	a4,0(a5)
     2b2:	00176713          	ori	a4,a4,1
     2b6:	c398                	sw	a4,0(a5)
    RCC->CFGR0 |= (uint32_t)RCC_HPRE_DIV1;
     2b8:	400217b7          	lui	a5,0x40021
     2bc:	43d8                	lw	a4,4(a5)
     2be:	c3d8                	sw	a4,4(a5)
    RCC->CFGR0 &= (uint32_t)((uint32_t)~(RCC_PLLSRC));
     2c0:	43d8                	lw	a4,4(a5)
     2c2:	8f75                	and	a4,a4,a3
     2c4:	c3d8                	sw	a4,4(a5)
    RCC->CFGR0 |= (uint32_t)(RCC_PLLSRC_HSI_Mul2);
     2c6:	43d8                	lw	a4,4(a5)

    /* Enable PLL */
    RCC->CTLR |= RCC_PLLON;
     2c8:	010006b7          	lui	a3,0x1000
    RCC->CFGR0 |= (uint32_t)(RCC_PLLSRC_HSI_Mul2);
     2cc:	c3d8                	sw	a4,4(a5)
    RCC->CTLR |= RCC_PLLON;
     2ce:	4398                	lw	a4,0(a5)
     2d0:	8f55                	or	a4,a4,a3
     2d2:	c398                	sw	a4,0(a5)
    /* Wait till PLL is ready */
    while((RCC->CTLR & RCC_PLLRDY) == 0)
     2d4:	020006b7          	lui	a3,0x2000
     2d8:	4398                	lw	a4,0(a5)
     2da:	8f75                	and	a4,a4,a3
     2dc:	df75                	beqz	a4,2d8 <SystemInit+0xb4>
    {
    }
    /* Select PLL as system clock source */
    RCC->CFGR0 &= (uint32_t)((uint32_t)~(RCC_SW));
     2de:	43d8                	lw	a4,4(a5)
    RCC->CFGR0 |= (uint32_t)RCC_SW_PLL;    
    /* Wait till PLL is used as system clock source */
    while ((RCC->CFGR0 & (uint32_t)RCC_SWS) != (uint32_t)0x08)
     2e0:	400216b7          	lui	a3,0x40021
    RCC->CFGR0 &= (uint32_t)((uint32_t)~(RCC_SW));
     2e4:	9b71                	andi	a4,a4,-4
     2e6:	c3d8                	sw	a4,4(a5)
    RCC->CFGR0 |= (uint32_t)RCC_SW_PLL;    
     2e8:	43d8                	lw	a4,4(a5)
     2ea:	00276713          	ori	a4,a4,2
     2ee:	c3d8                	sw	a4,4(a5)
    while ((RCC->CFGR0 & (uint32_t)RCC_SWS) != (uint32_t)0x08)
     2f0:	4721                	li	a4,8
     2f2:	42dc                	lw	a5,4(a3)
     2f4:	8bb1                	andi	a5,a5,12
     2f6:	fee79ee3          	bne	a5,a4,2f2 <SystemInit+0xce>
}
     2fa:	bbc1                	j	ca <__riscv_restore_0>

000002fc <SystemCoreClockUpdate>:
    tmp = RCC->CFGR0 & RCC_SWS;
     2fc:	40021737          	lui	a4,0x40021
     300:	435c                	lw	a5,4(a4)
    switch (tmp)
     302:	46a1                	li	a3,8
    tmp = RCC->CFGR0 & RCC_SWS;
     304:	8bb1                	andi	a5,a5,12
    switch (tmp)
     306:	04d79263          	bne	a5,a3,34a <SystemCoreClockUpdate+0x4e>
            pllsource = RCC->CFGR0 & RCC_PLLSRC;
     30a:	435c                	lw	a5,4(a4)
                SystemCoreClock = HSI_VALUE * 2;
     30c:	02dc7537          	lui	a0,0x2dc7
     310:	c0050513          	addi	a0,a0,-1024 # 2dc6c00 <__fsymtab_end+0x2dc4fb8>
    tmp = AHBPrescTable[((RCC->CFGR0 & RCC_HPRE) >> 4)];
     314:	400216b7          	lui	a3,0x40021
     318:	42d8                	lw	a4,4(a3)
     31a:	200007b7          	lui	a5,0x20000
     31e:	00078793          	mv	a5,a5
     322:	8311                	srli	a4,a4,0x4
     324:	8b3d                	andi	a4,a4,15
     326:	97ba                	add	a5,a5,a4
     328:	239c                	lbu	a5,0(a5)
    if(((RCC->CFGR0 & RCC_HPRE) >> 4) < 8)
     32a:	42d8                	lw	a4,4(a3)
    tmp = AHBPrescTable[((RCC->CFGR0 & RCC_HPRE) >> 4)];
     32c:	0ff7f593          	zext.b	a1,a5
    if(((RCC->CFGR0 & RCC_HPRE) >> 4) < 8)
     330:	08077713          	andi	a4,a4,128
        SystemCoreClock >>= tmp;
     334:	00f557b3          	srl	a5,a0,a5
    if(((RCC->CFGR0 & RCC_HPRE) >> 4) < 8)
     338:	ef11                	bnez	a4,354 <SystemCoreClockUpdate+0x58>
{
     33a:	d87ff2ef          	jal	t0,c0 <__riscv_save_0>
        SystemCoreClock /= tmp;
     33e:	3b5d                	jal	f4 <__hidden___udivsi3>
     340:	20000737          	lui	a4,0x20000
     344:	00a72823          	sw	a0,16(a4) # 20000010 <SystemCoreClock>
}
     348:	b349                	j	ca <__riscv_restore_0>
    switch (tmp)
     34a:	016e3537          	lui	a0,0x16e3
     34e:	60050513          	addi	a0,a0,1536 # 16e3600 <__fsymtab_end+0x16e19b8>
     352:	b7c9                	j	314 <SystemCoreClockUpdate+0x18>
     354:	20000737          	lui	a4,0x20000
     358:	00f72823          	sw	a5,16(a4) # 20000010 <SystemCoreClock>
     35c:	8082                	ret

0000035e <Delay_Init>:
 * @brief   Initializes Delay Funcation.
 *
 * @return  none
 */
void Delay_Init(void)
{
     35e:	d63ff2ef          	jal	t0,c0 <__riscv_save_0>
    p_us = SystemCoreClock / 8000000;
     362:	200007b7          	lui	a5,0x20000
     366:	0107a503          	lw	a0,16(a5) # 20000010 <SystemCoreClock>
     36a:	007a15b7          	lui	a1,0x7a1
     36e:	20058593          	addi	a1,a1,512 # 7a1200 <__fsymtab_end+0x79f5b8>
     372:	3349                	jal	f4 <__hidden___udivsi3>
     374:	0ff57513          	zext.b	a0,a0
     378:	82a18323          	sb	a0,-2010(gp) # 200000c6 <p_us>
    p_ms = (uint16_t)p_us * 1000;
     37c:	00551793          	slli	a5,a0,0x5
     380:	8f89                	sub	a5,a5,a0
     382:	078a                	slli	a5,a5,0x2
     384:	953e                	add	a0,a0,a5
     386:	050e                	slli	a0,a0,0x3
     388:	82a19223          	sh	a0,-2012(gp) # 200000c4 <p_ms>
}
     38c:	bb3d                	j	ca <__riscv_restore_0>

0000038e <Delay_Ms>:
 * @param   n - Millisecond number.
 *
 * @return  None
 */
void Delay_Ms(uint32_t n)
{
     38e:	d33ff2ef          	jal	t0,c0 <__riscv_save_0>
    uint32_t i;

    SysTick->SR &= ~(1 << 0);
     392:	e000f437          	lui	s0,0xe000f
     396:	405c                	lw	a5,4(s0)
{
     398:	85aa                	mv	a1,a0
    SysTick->SR &= ~(1 << 0);
     39a:	9bf9                	andi	a5,a5,-2
     39c:	c05c                	sw	a5,4(s0)
    i = (uint32_t)n * p_ms;
     39e:	8241d503          	lhu	a0,-2012(gp) # 200000c4 <p_ms>
     3a2:	3b0d                	jal	d4 <__mulsi3>

    SysTick->CMP = i;
     3a4:	c808                	sw	a0,16(s0)
    SysTick->CNT = 0;
     3a6:	00042423          	sw	zero,8(s0) # e000f008 <__global_pointer$+0xc000e768>
    SysTick->CTLR |=(1 << 0);
     3aa:	401c                	lw	a5,0(s0)
     3ac:	0017e793          	ori	a5,a5,1
     3b0:	c01c                	sw	a5,0(s0)

    while((SysTick->SR & (1 << 0)) != (1 << 0));
     3b2:	e000f7b7          	lui	a5,0xe000f
     3b6:	43d8                	lw	a4,4(a5)
     3b8:	8b05                	andi	a4,a4,1
     3ba:	df75                	beqz	a4,3b6 <Delay_Ms+0x28>
    SysTick->CTLR &= ~(1 << 0);
     3bc:	4398                	lw	a4,0(a5)
     3be:	9b79                	andi	a4,a4,-2
     3c0:	c398                	sw	a4,0(a5)
}
     3c2:	b321                	j	ca <__riscv_restore_0>

000003c4 <USART_Printf_Init>:
 * @param   baudrate - USART communication baud rate.
 *
 * @return  None
 */
void USART_Printf_Init(uint32_t baudrate)
{
     3c4:	cfdff2ef          	jal	t0,c0 <__riscv_save_0>
     3c8:	842a                	mv	s0,a0
    GPIO_InitTypeDef  GPIO_InitStructure;
    USART_InitTypeDef USART_InitStructure;

#if (DEBUG == DEBUG_UART1_NoRemap)
    RCC_APB2PeriphClockCmd(RCC_APB2Periph_GPIOD | RCC_APB2Periph_USART1, ENABLE);
     3ca:	6511                	lui	a0,0x4
{
     3cc:	1111                	addi	sp,sp,-28
    RCC_APB2PeriphClockCmd(RCC_APB2Periph_GPIOD | RCC_APB2Periph_USART1, ENABLE);
     3ce:	4585                	li	a1,1
     3d0:	02050513          	addi	a0,a0,32 # 4020 <__fsymtab_end+0x23d8>
     3d4:	2cf5                	jal	6d0 <RCC_APB2PeriphClockCmd>

    GPIO_InitStructure.GPIO_Pin = GPIO_Pin_5;
     3d6:	02000793          	li	a5,32
     3da:	807c                	sh	a5,0(sp)
    GPIO_InitStructure.GPIO_Speed = GPIO_Speed_30MHz;
    GPIO_InitStructure.GPIO_Mode = GPIO_Mode_AF_PP;
    GPIO_Init(GPIOD, &GPIO_InitStructure);
     3dc:	40011537          	lui	a0,0x40011
    GPIO_InitStructure.GPIO_Speed = GPIO_Speed_30MHz;
     3e0:	478d                	li	a5,3
     3e2:	c23e                	sw	a5,4(sp)
    GPIO_Init(GPIOD, &GPIO_InitStructure);
     3e4:	858a                	mv	a1,sp
    GPIO_InitStructure.GPIO_Mode = GPIO_Mode_AF_PP;
     3e6:	47e1                	li	a5,24
    GPIO_Init(GPIOD, &GPIO_InitStructure);
     3e8:	40050513          	addi	a0,a0,1024 # 40011400 <__global_pointer$+0x20010b60>
    GPIO_InitStructure.GPIO_Mode = GPIO_Mode_AF_PP;
     3ec:	c43e                	sw	a5,8(sp)
    GPIO_Init(GPIOD, &GPIO_InitStructure);
     3ee:	2a75                	jal	5aa <GPIO_Init>
    GPIO_InitStructure.GPIO_Mode = GPIO_Mode_AF_PP;
    GPIO_Init(GPIOC, &GPIO_InitStructure);

#endif

    USART_InitStructure.USART_BaudRate = baudrate;
     3f0:	c622                	sw	s0,12(sp)
    USART_InitStructure.USART_StopBits = USART_StopBits_1;
    USART_InitStructure.USART_Parity = USART_Parity_No;
    USART_InitStructure.USART_HardwareFlowControl = USART_HardwareFlowControl_None;
    USART_InitStructure.USART_Mode = USART_Mode_Tx;

    USART_Init(USART1, &USART_InitStructure);
     3f2:	40014437          	lui	s0,0x40014
    USART_InitStructure.USART_Parity = USART_Parity_No;
     3f6:	000807b7          	lui	a5,0x80
    USART_Init(USART1, &USART_InitStructure);
     3fa:	006c                	addi	a1,sp,12
     3fc:	80040513          	addi	a0,s0,-2048 # 40013800 <__global_pointer$+0x20012f60>
    USART_InitStructure.USART_Parity = USART_Parity_No;
     400:	ca3e                	sw	a5,20(sp)
    USART_InitStructure.USART_WordLength = USART_WordLength_8b;
     402:	c802                	sw	zero,16(sp)
    USART_InitStructure.USART_HardwareFlowControl = USART_HardwareFlowControl_None;
     404:	00011c23          	sh	zero,24(sp)
    USART_Init(USART1, &USART_InitStructure);
     408:	24dd                	jal	6ee <USART_Init>
    USART_Cmd(USART1, ENABLE);
     40a:	4585                	li	a1,1
     40c:	80040513          	addi	a0,s0,-2048
     410:	2655                	jal	7b4 <USART_Cmd>
}
     412:	0171                	addi	sp,sp,28
     414:	b95d                	j	ca <__riscv_restore_0>

00000416 <_write>:
 *
 * @return  size - Data length
 */
__attribute__((used)) 
int _write(int fd, char *buf, int size)
{
     416:	cabff2ef          	jal	t0,c0 <__riscv_save_0>
     41a:	1161                	addi	sp,sp,-8
     41c:	c22e                	sw	a1,4(sp)
     41e:	c032                	sw	a2,0(sp)

    } while (writeSize);

#else

    for(i = 0; i < size; i++){
     420:	4401                	li	s0,0
     422:	4782                	lw	a5,0(sp)
     424:	02f45863          	bge	s0,a5,454 <_write+0x3e>
        while(USART_GetFlagStatus(USART1, USART_FLAG_TC) == RESET);
     428:	400144b7          	lui	s1,0x40014
     42c:	400147b7          	lui	a5,0x40014
     430:	04000593          	li	a1,64
     434:	80078513          	addi	a0,a5,-2048 # 40013800 <__global_pointer$+0x20012f60>
     438:	2e61                	jal	7d0 <USART_GetFlagStatus>
     43a:	d96d                	beqz	a0,42c <_write+0x16>
        USART_SendData(USART1, *buf++);
     43c:	4792                	lw	a5,4(sp)
     43e:	80048513          	addi	a0,s1,-2048 # 40013800 <__global_pointer$+0x20012f60>
     442:	008786b3          	add	a3,a5,s0
     446:	00068583          	lb	a1,0(a3) # 40021000 <__global_pointer$+0x20020760>
    for(i = 0; i < size; i++){
     44a:	0405                	addi	s0,s0,1
        USART_SendData(USART1, *buf++);
     44c:	05c2                	slli	a1,a1,0x10
     44e:	81c1                	srli	a1,a1,0x10
     450:	2ea5                	jal	7c8 <USART_SendData>
    for(i = 0; i < size; i++){
     452:	bfc1                	j	422 <_write+0xc>
    }


#endif
    return writeSize;
}
     454:	4502                	lw	a0,0(sp)
     456:	0121                	addi	sp,sp,8
     458:	b98d                	j	ca <__riscv_restore_0>

0000045a <_sbrk>:
{
    extern char _end[];
    extern char _heap_end[];
    static char *curbrk = _end;

    if ((curbrk + incr < _end) || (curbrk + incr > _heap_end))
     45a:	200006b7          	lui	a3,0x20000
{
     45e:	87aa                	mv	a5,a0
    if ((curbrk + incr < _end) || (curbrk + incr > _heap_end))
     460:	0146a503          	lw	a0,20(a3) # 20000014 <curbrk.0>
     464:	82818713          	addi	a4,gp,-2008 # 200000c8 <_ebss>
     468:	97aa                	add	a5,a5,a0
     46a:	00e7e963          	bltu	a5,a4,47c <_sbrk+0x22>
     46e:	e6018713          	addi	a4,gp,-416 # 20000700 <_heap_end>
     472:	00f76563          	bltu	a4,a5,47c <_sbrk+0x22>
    return NULL - 1;

    curbrk += incr;
     476:	00f6aa23          	sw	a5,20(a3)
    return curbrk - incr;
     47a:	8082                	ret
    return NULL - 1;
     47c:	557d                	li	a0,-1
}
     47e:	8082                	ret

00000480 <_fini>:
// If C++ support is active (whch it is by default), then
// the __libc_init_array and __libc_fini_array
// functions will need these functions to be defined.
// mark them as weak so that they're user overridable.
void _fini() __attribute__((weak)); 
void _fini () {}
     480:	8082                	ret

00000482 <_init>:
void _init() __attribute__((weak)); 
     482:	8082                	ret

00000484 <Line_Init>:

/**
 * @brief Khởi tạo GPIO cho 5 mắt Line
 * Line1: PD1, Line2: PC2, Line3: PC3, Line4: PA2, Line5: PA1
 */
void Line_Init(void) {
     484:	c3dff2ef          	jal	t0,c0 <__riscv_save_0>
     488:	1151                	addi	sp,sp,-12
    GPIO_InitTypeDef GPIO_InitStructure = {0};

    // Bật Clock cho các Port A, C, D
    RCC_APB2PeriphClockCmd(RCC_APB2Periph_GPIOA | RCC_APB2Periph_GPIOC | RCC_APB2Periph_GPIOD, ENABLE);
     48a:	4585                	li	a1,1
     48c:	03400513          	li	a0,52

    // Cấu hình PD1 (Line 1) - Cẩn thận vì trùng chân SWIO
    GPIO_InitStructure.GPIO_Pin = GPIO_Pin_1;
    GPIO_InitStructure.GPIO_Mode = GPIO_Mode_IPU; // Input Pull-up
    GPIO_Init(GPIOD, &GPIO_InitStructure);
     490:	400114b7          	lui	s1,0x40011
    GPIO_InitTypeDef GPIO_InitStructure = {0};
     494:	c002                	sw	zero,0(sp)
     496:	c202                	sw	zero,4(sp)
     498:	c402                	sw	zero,8(sp)
    RCC_APB2PeriphClockCmd(RCC_APB2Periph_GPIOA | RCC_APB2Periph_GPIOC | RCC_APB2Periph_GPIOD, ENABLE);
     49a:	2c1d                	jal	6d0 <RCC_APB2PeriphClockCmd>
    GPIO_InitStructure.GPIO_Mode = GPIO_Mode_IPU; // Input Pull-up
     49c:	04800413          	li	s0,72
    GPIO_InitStructure.GPIO_Pin = GPIO_Pin_1;
     4a0:	4789                	li	a5,2
    GPIO_Init(GPIOD, &GPIO_InitStructure);
     4a2:	858a                	mv	a1,sp
     4a4:	40048513          	addi	a0,s1,1024 # 40011400 <__global_pointer$+0x20010b60>
    GPIO_InitStructure.GPIO_Pin = GPIO_Pin_1;
     4a8:	807c                	sh	a5,0(sp)
    GPIO_InitStructure.GPIO_Mode = GPIO_Mode_IPU; // Input Pull-up
     4aa:	c422                	sw	s0,8(sp)
    GPIO_Init(GPIOD, &GPIO_InitStructure);
     4ac:	28fd                	jal	5aa <GPIO_Init>

    // Cấu hình PC2, PC3 (Line 2, Line 3)
    GPIO_InitStructure.GPIO_Pin = GPIO_Pin_2 | GPIO_Pin_3;
     4ae:	47b1                	li	a5,12
    GPIO_InitStructure.GPIO_Mode = GPIO_Mode_IPU;
    GPIO_Init(GPIOC, &GPIO_InitStructure);
     4b0:	858a                	mv	a1,sp
     4b2:	40011537          	lui	a0,0x40011
    GPIO_InitStructure.GPIO_Pin = GPIO_Pin_2 | GPIO_Pin_3;
     4b6:	807c                	sh	a5,0(sp)
    GPIO_InitStructure.GPIO_Mode = GPIO_Mode_IPU;
     4b8:	c422                	sw	s0,8(sp)
    GPIO_Init(GPIOC, &GPIO_InitStructure);
     4ba:	28c5                	jal	5aa <GPIO_Init>

    // Cấu hình PA1, PA2 (Line 4, Line 5)
    GPIO_InitStructure.GPIO_Pin = GPIO_Pin_1 | GPIO_Pin_2;
     4bc:	4799                	li	a5,6
    GPIO_InitStructure.GPIO_Mode = GPIO_Mode_IPU;
    GPIO_Init(GPIOA, &GPIO_InitStructure);
     4be:	858a                	mv	a1,sp
     4c0:	80048513          	addi	a0,s1,-2048
    GPIO_InitStructure.GPIO_Pin = GPIO_Pin_1 | GPIO_Pin_2;
     4c4:	807c                	sh	a5,0(sp)
    GPIO_InitStructure.GPIO_Mode = GPIO_Mode_IPU;
     4c6:	c422                	sw	s0,8(sp)
    GPIO_Init(GPIOA, &GPIO_InitStructure);
     4c8:	20cd                	jal	5aa <GPIO_Init>
}
     4ca:	0131                	addi	sp,sp,12
     4cc:	befd                	j	ca <__riscv_restore_0>

000004ce <Line_Get_Byte>:

/**
 * @brief Đọc 5 mắt và gộp thành 1 byte duy nhất (Tiện cho xử lý Case-Switch)
 * Ví dụ: Nếu mắt 1 và 3 thấy vạch, trả về 0b00000101 (5)
 */
uint8_t Line_Get_Byte(void) {
     4ce:	bf3ff2ef          	jal	t0,c0 <__riscv_save_0>
    uint8_t val = 0;
    if (GPIO_ReadInputDataBit(GPIOD, GPIO_Pin_1)) val |= (1 << 0);
     4d2:	40011537          	lui	a0,0x40011
     4d6:	4589                	li	a1,2
     4d8:	40050513          	addi	a0,a0,1024 # 40011400 <__global_pointer$+0x20010b60>
     4dc:	2291                	jal	620 <GPIO_ReadInputDataBit>
     4de:	00a03433          	snez	s0,a0
    if (GPIO_ReadInputDataBit(GPIOC, GPIO_Pin_2)) val |= (1 << 1);
     4e2:	4591                	li	a1,4
     4e4:	40011537          	lui	a0,0x40011
     4e8:	2a25                	jal	620 <GPIO_ReadInputDataBit>
     4ea:	c119                	beqz	a0,4f0 <Line_Get_Byte+0x22>
     4ec:	00246413          	ori	s0,s0,2
    if (GPIO_ReadInputDataBit(GPIOC, GPIO_Pin_3)) val |= (1 << 2);
     4f0:	45a1                	li	a1,8
     4f2:	40011537          	lui	a0,0x40011
     4f6:	222d                	jal	620 <GPIO_ReadInputDataBit>
     4f8:	c119                	beqz	a0,4fe <Line_Get_Byte+0x30>
     4fa:	00446413          	ori	s0,s0,4
    if (GPIO_ReadInputDataBit(GPIOA, GPIO_Pin_2)) val |= (1 << 3);
     4fe:	40011537          	lui	a0,0x40011
     502:	4591                	li	a1,4
     504:	80050513          	addi	a0,a0,-2048 # 40010800 <__global_pointer$+0x2000ff60>
     508:	2a21                	jal	620 <GPIO_ReadInputDataBit>
     50a:	c119                	beqz	a0,510 <Line_Get_Byte+0x42>
     50c:	00846413          	ori	s0,s0,8
    if (GPIO_ReadInputDataBit(GPIOA, GPIO_Pin_1)) val |= (1 << 4);
     510:	40011537          	lui	a0,0x40011
     514:	4589                	li	a1,2
     516:	80050513          	addi	a0,a0,-2048 # 40010800 <__global_pointer$+0x2000ff60>
     51a:	2219                	jal	620 <GPIO_ReadInputDataBit>
     51c:	c119                	beqz	a0,522 <Line_Get_Byte+0x54>
     51e:	01046413          	ori	s0,s0,16
    return val;
     522:	8522                	mv	a0,s0
     524:	b65d                	j	ca <__riscv_restore_0>

00000526 <main>:
// }
#include "debug.h"
#include "line.h"

int main(void)
{
     526:	b9bff2ef          	jal	t0,c0 <__riscv_save_0>
     52a:	1171                	addi	sp,sp,-4
    SystemCoreClockUpdate();
     52c:	3bc1                	jal	2fc <SystemCoreClockUpdate>
    Delay_Init();
     52e:	3d05                	jal	35e <Delay_Init>
    USART_Printf_Init(115200);
     530:	6571                	lui	a0,0x1c
     532:	20050513          	addi	a0,a0,512 # 1c200 <__fsymtab_end+0x1a5b8>
     536:	3579                	jal	3c4 <USART_Printf_Init>

    Line_Init();
     538:	37b1                	jal	484 <Line_Init>

    printf("=== LINE SENSOR TEST MODE ===\r\n");
     53a:	6509                	lui	a0,0x2
     53c:	b0050513          	addi	a0,a0,-1280 # 1b00 <_read+0xe>
     540:	2191                	jal	984 <puts>
    printf("Format: L1 L2 L3 L4 L5 | BYTE\r\n");
     542:	6509                	lui	a0,0x2
     544:	b2050513          	addi	a0,a0,-1248 # 1b20 <_read+0x2e>
     548:	2935                	jal	984 <puts>
    while (1)
    {
        uint8_t line = Line_Get_Byte();   // đọc thẳng, không lọc

        /* In từng mắt */
        printf("   ");
     54a:	6489                	lui	s1,0x2
        uint8_t line = Line_Get_Byte();   // đọc thẳng, không lọc
     54c:	3749                	jal	4ce <Line_Get_Byte>
     54e:	842a                	mv	s0,a0
        printf("   ");
     550:	b4048513          	addi	a0,s1,-1216 # 1b40 <_read+0x4e>
     554:	2ce5                	jal	84c <iprintf>
        for (int i = 0; i < 5; i++)
     556:	4781                	li	a5,0
        {
            printf("%d ", (line >> i) & 0x01);
     558:	6689                	lui	a3,0x2
     55a:	40f455b3          	sra	a1,s0,a5
     55e:	b4468513          	addi	a0,a3,-1212 # 1b44 <_read+0x52>
     562:	8985                	andi	a1,a1,1
     564:	c03e                	sw	a5,0(sp)
     566:	24dd                	jal	84c <iprintf>
        for (int i = 0; i < 5; i++)
     568:	4782                	lw	a5,0(sp)
     56a:	4715                	li	a4,5
     56c:	6689                	lui	a3,0x2
     56e:	0785                	addi	a5,a5,1
     570:	fee795e3          	bne	a5,a4,55a <main+0x34>
        }

        /* In dạng nhị phân */
        printf("| ");
     574:	6509                	lui	a0,0x2
     576:	b4850513          	addi	a0,a0,-1208 # 1b48 <_read+0x56>
     57a:	2cc9                	jal	84c <iprintf>
        for (int i = 4; i >= 0; i--)
     57c:	4791                	li	a5,4
        {
            printf("%d", (line >> i) & 0x01);
     57e:	6689                	lui	a3,0x2
     580:	40f455b3          	sra	a1,s0,a5
     584:	b4c68513          	addi	a0,a3,-1204 # 1b4c <_read+0x5a>
     588:	8985                	andi	a1,a1,1
     58a:	c03e                	sw	a5,0(sp)
     58c:	24c1                	jal	84c <iprintf>
        for (int i = 4; i >= 0; i--)
     58e:	4782                	lw	a5,0(sp)
     590:	577d                	li	a4,-1
     592:	6689                	lui	a3,0x2
     594:	17fd                	addi	a5,a5,-1
     596:	fee795e3          	bne	a5,a4,580 <main+0x5a>
        }

        printf("\r\n");
     59a:	6509                	lui	a0,0x2
     59c:	b5050513          	addi	a0,a0,-1200 # 1b50 <_read+0x5e>
     5a0:	26d5                	jal	984 <puts>

        Delay_Ms(100);
     5a2:	06400513          	li	a0,100
     5a6:	33e5                	jal	38e <Delay_Ms>
    {
     5a8:	b755                	j	54c <main+0x26>

000005aa <GPIO_Init>:
void GPIO_Init(GPIO_TypeDef *GPIOx, GPIO_InitTypeDef *GPIO_InitStruct)
{
    uint32_t currentmode = 0x00, currentpin = 0x00, pinpos = 0x00, pos = 0x00;
    uint32_t tmpreg = 0x00, pinmask = 0x00;

    currentmode = ((uint32_t)GPIO_InitStruct->GPIO_Mode) & ((uint32_t)0x0F);
     5aa:	4594                	lw	a3,8(a1)

    if((((uint32_t)GPIO_InitStruct->GPIO_Mode) & ((uint32_t)0x10)) != 0x00)
     5ac:	0106f793          	andi	a5,a3,16
    currentmode = ((uint32_t)GPIO_InitStruct->GPIO_Mode) & ((uint32_t)0x0F);
     5b0:	00f6f313          	andi	t1,a3,15
    if((((uint32_t)GPIO_InitStruct->GPIO_Mode) & ((uint32_t)0x10)) != 0x00)
     5b4:	c781                	beqz	a5,5bc <GPIO_Init+0x12>
    {
        currentmode |= (uint32_t)GPIO_InitStruct->GPIO_Speed;
     5b6:	41dc                	lw	a5,4(a1)
     5b8:	00f36333          	or	t1,t1,a5
    }

    if(((uint32_t)GPIO_InitStruct->GPIO_Pin & ((uint32_t)0x00FF)) != 0x00)
     5bc:	0005d283          	lhu	t0,0(a1)
     5c0:	0ff2f793          	zext.b	a5,t0
     5c4:	cfa9                	beqz	a5,61e <GPIO_Init+0x74>
    {
        tmpreg = GPIOx->CFGLR;
     5c6:	410c                	lw	a1,0(a0)
{
     5c8:	1161                	addi	sp,sp,-8
     5ca:	c222                	sw	s0,4(sp)
     5cc:	c026                	sw	s1,0(sp)

        for(pinpos = 0x00; pinpos < 0x08; pinpos++)
     5ce:	4781                	li	a5,0
                pos = pinpos << 2;
                pinmask = ((uint32_t)0x0F) << pos;
                tmpreg &= ~pinmask;
                tmpreg |= (currentmode << pos);

                if(GPIO_InitStruct->GPIO_Mode == GPIO_Mode_IPD)
     5d0:	02800393          	li	t2,40
                pinmask = ((uint32_t)0x0F) << pos;
     5d4:	443d                	li	s0,15
                {
                    GPIOx->BCR = (((uint32_t)0x01) << pinpos);
                }
                else
                {
                    if(GPIO_InitStruct->GPIO_Mode == GPIO_Mode_IPU)
     5d6:	04800493          	li	s1,72
            pos = ((uint32_t)0x01) << pinpos;
     5da:	4705                	li	a4,1
     5dc:	00f71733          	sll	a4,a4,a5
            currentpin = (GPIO_InitStruct->GPIO_Pin) & pos;
     5e0:	00e2f633          	and	a2,t0,a4
            if(currentpin == pos)
     5e4:	02c71063          	bne	a4,a2,604 <GPIO_Init+0x5a>
                if(GPIO_InitStruct->GPIO_Mode == GPIO_Mode_IPD)
     5e8:	02769763          	bne	a3,t2,616 <GPIO_Init+0x6c>
                    GPIOx->BCR = (((uint32_t)0x01) << pinpos);
     5ec:	c958                	sw	a4,20(a0)
     5ee:	00279613          	slli	a2,a5,0x2
                pinmask = ((uint32_t)0x0F) << pos;
     5f2:	00c41733          	sll	a4,s0,a2
                tmpreg &= ~pinmask;
     5f6:	fff74713          	not	a4,a4
     5fa:	8f6d                	and	a4,a4,a1
                tmpreg |= (currentmode << pos);
     5fc:	00c31633          	sll	a2,t1,a2
     600:	00e665b3          	or	a1,a2,a4
        for(pinpos = 0x00; pinpos < 0x08; pinpos++)
     604:	0785                	addi	a5,a5,1
     606:	4721                	li	a4,8
     608:	fce799e3          	bne	a5,a4,5da <GPIO_Init+0x30>
                }
            }
        }
        GPIOx->CFGLR = tmpreg;
    }
}
     60c:	4412                	lw	s0,4(sp)
        GPIOx->CFGLR = tmpreg;
     60e:	c10c                	sw	a1,0(a0)
}
     610:	4482                	lw	s1,0(sp)
     612:	0121                	addi	sp,sp,8
     614:	8082                	ret
                    if(GPIO_InitStruct->GPIO_Mode == GPIO_Mode_IPU)
     616:	fc969ce3          	bne	a3,s1,5ee <GPIO_Init+0x44>
                        GPIOx->BSHR = (((uint32_t)0x01) << pinpos);
     61a:	c918                	sw	a4,16(a0)
     61c:	bfc9                	j	5ee <GPIO_Init+0x44>
     61e:	8082                	ret

00000620 <GPIO_ReadInputDataBit>:
 */
uint8_t GPIO_ReadInputDataBit(GPIO_TypeDef *GPIOx, uint16_t GPIO_Pin)
{
    uint8_t bitstatus = 0x00;

    if((GPIOx->INDR & GPIO_Pin) != (uint32_t)Bit_RESET)
     620:	451c                	lw	a5,8(a0)
     622:	00f5f533          	and	a0,a1,a5
    {
        bitstatus = (uint8_t)Bit_RESET;
    }

    return bitstatus;
}
     626:	00a03533          	snez	a0,a0
     62a:	8082                	ret

0000062c <RCC_AdjustHSICalibrationValue>:
 */
void RCC_AdjustHSICalibrationValue(uint8_t HSICalibrationValue)
{
    uint32_t tmpreg = 0;

    tmpreg = RCC->CTLR;
     62c:	40021737          	lui	a4,0x40021
     630:	431c                	lw	a5,0(a4)
    tmpreg &= CTLR_HSITRIM_Mask;
    tmpreg |= (uint32_t)HSICalibrationValue << 3;
     632:	050e                	slli	a0,a0,0x3
    tmpreg &= CTLR_HSITRIM_Mask;
     634:	f077f793          	andi	a5,a5,-249
    tmpreg |= (uint32_t)HSICalibrationValue << 3;
     638:	8d5d                	or	a0,a0,a5
    RCC->CTLR = tmpreg;
     63a:	c308                	sw	a0,0(a4)
}
     63c:	8082                	ret

0000063e <RCC_GetClocksFreq>:
 *        the clocks frequencies.
 *
 * @return  none
 */
void RCC_GetClocksFreq(RCC_ClocksTypeDef *RCC_Clocks)
{
     63e:	a83ff2ef          	jal	t0,c0 <__riscv_save_0>
    uint32_t tmp = 0, pllsource = 0, presc = 0;

    tmp = RCC->CFGR0 & CFGR0_SWS_Mask;
     642:	40021737          	lui	a4,0x40021
     646:	435c                	lw	a5,4(a4)

    switch(tmp)
     648:	46a1                	li	a3,8
{
     64a:	842a                	mv	s0,a0
    tmp = RCC->CFGR0 & CFGR0_SWS_Mask;
     64c:	8bb1                	andi	a5,a5,12
    switch(tmp)
     64e:	06d79c63          	bne	a5,a3,6c6 <RCC_GetClocksFreq+0x88>
        case 0x04:
            RCC_Clocks->SYSCLK_Frequency = HSE_VALUE;
            break;

        case 0x08:
            pllsource = RCC->CFGR0 & CFGR0_PLLSRC_Mask;
     652:	435c                	lw	a5,4(a4)

            if(pllsource == 0x00)
            {
                RCC_Clocks->SYSCLK_Frequency = HSI_VALUE * 2;
     654:	02dc77b7          	lui	a5,0x2dc7
     658:	c0078793          	addi	a5,a5,-1024 # 2dc6c00 <__fsymtab_end+0x2dc4fb8>
            RCC_Clocks->SYSCLK_Frequency = HSI_VALUE;
     65c:	c01c                	sw	a5,0(s0)
        default:
            RCC_Clocks->SYSCLK_Frequency = HSI_VALUE;
            break;
    }

    tmp = RCC->CFGR0 & CFGR0_HPRE_Set_Mask;
     65e:	40021637          	lui	a2,0x40021
     662:	4254                	lw	a3,4(a2)
    tmp = tmp >> 4;
    presc = APBAHBPrescTable[tmp];
     664:	20000737          	lui	a4,0x20000
     668:	02c70713          	addi	a4,a4,44 # 2000002c <APBAHBPrescTable>
    tmp = tmp >> 4;
     66c:	8291                	srli	a3,a3,0x4
     66e:	8abd                	andi	a3,a3,15
    presc = APBAHBPrescTable[tmp];
     670:	9736                	add	a4,a4,a3
     672:	2308                	lbu	a0,0(a4)

    if(((RCC->CFGR0 & CFGR0_HPRE_Set_Mask) >> 4) < 8)
     674:	4258                	lw	a4,4(a2)
    presc = APBAHBPrescTable[tmp];
     676:	0ff57593          	zext.b	a1,a0
    if(((RCC->CFGR0 & CFGR0_HPRE_Set_Mask) >> 4) < 8)
     67a:	08077713          	andi	a4,a4,128
    {
        RCC_Clocks->HCLK_Frequency = RCC_Clocks->SYSCLK_Frequency / presc;
    }
    else
    {
        RCC_Clocks->HCLK_Frequency = RCC_Clocks->SYSCLK_Frequency >> presc;
     67e:	00a7d533          	srl	a0,a5,a0
    if(((RCC->CFGR0 & CFGR0_HPRE_Set_Mask) >> 4) < 8)
     682:	e319                	bnez	a4,688 <RCC_GetClocksFreq+0x4a>
        RCC_Clocks->HCLK_Frequency = RCC_Clocks->SYSCLK_Frequency / presc;
     684:	853e                	mv	a0,a5
     686:	34bd                	jal	f4 <__hidden___udivsi3>
     688:	c048                	sw	a0,4(s0)
    }

    RCC_Clocks->PCLK1_Frequency = RCC_Clocks->HCLK_Frequency;
     68a:	c408                	sw	a0,8(s0)
    RCC_Clocks->PCLK2_Frequency = RCC_Clocks->HCLK_Frequency;
     68c:	c448                	sw	a0,12(s0)
    tmp = RCC->CFGR0 & CFGR0_ADCPRE_Set_Mask;
     68e:	400217b7          	lui	a5,0x40021
     692:	43dc                	lw	a5,4(a5)
    tmp = tmp >> 11;
    tmp = ((tmp & 0x18) >> 3) | ((tmp & 0x7) << 2);

    if((tmp & 0x13) >= 4)
     694:	468d                	li	a3,3
    tmp = tmp >> 11;
     696:	83ad                	srli	a5,a5,0xb
     698:	8bfd                	andi	a5,a5,31
    tmp = ((tmp & 0x18) >> 3) | ((tmp & 0x7) << 2);
     69a:	0037d713          	srli	a4,a5,0x3
     69e:	078a                	slli	a5,a5,0x2
     6a0:	8bf1                	andi	a5,a5,28
     6a2:	8fd9                	or	a5,a5,a4
    if((tmp & 0x13) >= 4)
     6a4:	0137f613          	andi	a2,a5,19
    {
        tmp -= 12;
    }
    else
    {
        tmp &= 0x3;
     6a8:	0037f713          	andi	a4,a5,3
    if((tmp & 0x13) >= 4)
     6ac:	00c6f463          	bgeu	a3,a2,6b4 <RCC_GetClocksFreq+0x76>
        tmp -= 12;
     6b0:	ff478713          	addi	a4,a5,-12 # 40020ff4 <__global_pointer$+0x20020754>
    }

    presc = ADCPrescTable[tmp];
     6b4:	200007b7          	lui	a5,0x20000
     6b8:	01878793          	addi	a5,a5,24 # 20000018 <ADCPrescTable>
     6bc:	97ba                	add	a5,a5,a4
     6be:	238c                	lbu	a1,0(a5)
    RCC_Clocks->ADCCLK_Frequency = RCC_Clocks->PCLK2_Frequency / presc;
     6c0:	3c15                	jal	f4 <__hidden___udivsi3>
     6c2:	c808                	sw	a0,16(s0)
}
     6c4:	b419                	j	ca <__riscv_restore_0>
    switch(tmp)
     6c6:	016e37b7          	lui	a5,0x16e3
     6ca:	60078793          	addi	a5,a5,1536 # 16e3600 <__fsymtab_end+0x16e19b8>
     6ce:	b779                	j	65c <RCC_GetClocksFreq+0x1e>

000006d0 <RCC_APB2PeriphClockCmd>:
 *
 * @return  none
 */
void RCC_APB2PeriphClockCmd(uint32_t RCC_APB2Periph, FunctionalState NewState)
{
    if(NewState != DISABLE)
     6d0:	c599                	beqz	a1,6de <RCC_APB2PeriphClockCmd+0xe>
    {
        RCC->APB2PCENR |= RCC_APB2Periph;
     6d2:	40021737          	lui	a4,0x40021
     6d6:	4f1c                	lw	a5,24(a4)
     6d8:	8fc9                	or	a5,a5,a0
     6da:	cf1c                	sw	a5,24(a4)
     6dc:	8082                	ret
    }
    else
    {
        RCC->APB2PCENR &= ~RCC_APB2Periph;
     6de:	400217b7          	lui	a5,0x40021
     6e2:	4f98                	lw	a4,24(a5)
     6e4:	fff54513          	not	a0,a0
     6e8:	8d79                	and	a0,a0,a4
     6ea:	cf88                	sw	a0,24(a5)
    }
}
     6ec:	8082                	ret

000006ee <USART_Init>:
 *        USART peripheral.
 *
 * @return  none
 */
void USART_Init(USART_TypeDef *USARTx, USART_InitTypeDef *USART_InitStruct)
{
     6ee:	9d3ff2ef          	jal	t0,c0 <__riscv_save_0>
    if(USART_InitStruct->USART_HardwareFlowControl != USART_HardwareFlowControl_None)
    {
    }

    usartxbase = (uint32_t)USARTx;
    tmpreg = USARTx->CTLR2;
     6f2:	2916                	lhu	a3,16(a0)
     6f4:	77f5                	lui	a5,0xffffd
     6f6:	17fd                	addi	a5,a5,-1 # ffffcfff <__global_pointer$+0xdfffc75f>
     6f8:	8efd                	and	a3,a3,a5
     6fa:	21fe                	lhu	a5,6(a1)
    if(USART_InitStruct->USART_HardwareFlowControl != USART_HardwareFlowControl_None)
     6fc:	25da                	lhu	a4,12(a1)
{
     6fe:	1121                	addi	sp,sp,-24
     700:	8fd5                	or	a5,a5,a3
    tmpreg &= CTLR2_STOP_CLEAR_Mask;
    tmpreg |= (uint32_t)USART_InitStruct->USART_StopBits;

    USARTx->CTLR2 = (uint16_t)tmpreg;
     702:	a91e                	sh	a5,16(a0)
    tmpreg = USARTx->CTLR1;
     704:	2556                	lhu	a3,12(a0)
    tmpreg &= CTLR1_CLEAR_Mask;
    tmpreg |= (uint32_t)USART_InitStruct->USART_WordLength | USART_InitStruct->USART_Parity |
     706:	77fd                	lui	a5,0xfffff
     708:	9f378793          	addi	a5,a5,-1549 # ffffe9f3 <__global_pointer$+0xdfffe153>
     70c:	8efd                	and	a3,a3,a5
     70e:	21de                	lhu	a5,4(a1)
{
     710:	842a                	mv	s0,a0
     712:	84ae                	mv	s1,a1
     714:	8fd5                	or	a5,a5,a3
     716:	2596                	lhu	a3,8(a1)
     718:	8fd5                	or	a5,a5,a3
     71a:	25b6                	lhu	a3,10(a1)
     71c:	8fd5                	or	a5,a5,a3
              USART_InitStruct->USART_Mode;
    USARTx->CTLR1 = (uint16_t)tmpreg;
     71e:	a55e                	sh	a5,12(a0)

    tmpreg = USARTx->CTLR3;
     720:	295e                	lhu	a5,20(a0)
     722:	07c2                	slli	a5,a5,0x10
     724:	83c1                	srli	a5,a5,0x10
    tmpreg &= CTLR3_CLEAR_Mask;
    tmpreg |= USART_InitStruct->USART_HardwareFlowControl;
     726:	cff7f793          	andi	a5,a5,-769
     72a:	8fd9                	or	a5,a5,a4
    USARTx->CTLR3 = (uint16_t)tmpreg;
     72c:	a95e                	sh	a5,20(a0)

    RCC_GetClocksFreq(&RCC_ClocksStatus);
     72e:	0048                	addi	a0,sp,4
     730:	3739                	jal	63e <RCC_GetClocksFreq>

    if(usartxbase == USART1_BASE)
     732:	400147b7          	lui	a5,0x40014
     736:	80078793          	addi	a5,a5,-2048 # 40013800 <__global_pointer$+0x20012f60>
     73a:	06f41063          	bne	s0,a5,79a <USART_Init+0xac>
    {
        apbclock = RCC_ClocksStatus.PCLK2_Frequency;
     73e:	47c2                	lw	a5,16(sp)
        apbclock = RCC_ClocksStatus.PCLK1_Frequency;
    }

    if((USARTx->CTLR1 & CTLR1_OVER8_Set) != 0)
    {
        integerdivider = ((25 * apbclock) / (2 * (USART_InitStruct->USART_BaudRate)));
     740:	00179513          	slli	a0,a5,0x1
    if((USARTx->CTLR1 & CTLR1_OVER8_Set) != 0)
     744:	245a                	lhu	a4,12(s0)
        integerdivider = ((25 * apbclock) / (2 * (USART_InitStruct->USART_BaudRate)));
     746:	953e                	add	a0,a0,a5
     748:	050e                	slli	a0,a0,0x3
     74a:	953e                	add	a0,a0,a5
    if((USARTx->CTLR1 & CTLR1_OVER8_Set) != 0)
     74c:	01071793          	slli	a5,a4,0x10
     750:	87c1                	srai	a5,a5,0x10
        integerdivider = ((25 * apbclock) / (2 * (USART_InitStruct->USART_BaudRate)));
     752:	408c                	lw	a1,0(s1)
    if((USARTx->CTLR1 & CTLR1_OVER8_Set) != 0)
     754:	0407d563          	bgez	a5,79e <USART_Init+0xb0>
        integerdivider = ((25 * apbclock) / (2 * (USART_InitStruct->USART_BaudRate)));
     758:	0586                	slli	a1,a1,0x1
    }
    else
    {
        integerdivider = ((25 * apbclock) / (4 * (USART_InitStruct->USART_BaudRate)));
     75a:	3a69                	jal	f4 <__hidden___udivsi3>
    }
    tmpreg = (integerdivider / 100) << 4;
     75c:	06400593          	li	a1,100
     760:	c02a                	sw	a0,0(sp)
     762:	3a49                	jal	f4 <__hidden___udivsi3>
     764:	4782                	lw	a5,0(sp)
     766:	00451493          	slli	s1,a0,0x4

    fractionaldivider = integerdivider - (100 * (tmpreg >> 4));
     76a:	06400593          	li	a1,100
     76e:	853e                	mv	a0,a5
     770:	3a45                	jal	120 <__umodsi3>

    if((USARTx->CTLR1 & CTLR1_OVER8_Set) != 0)
     772:	245e                	lhu	a5,12(s0)
     774:	07c2                	slli	a5,a5,0x10
     776:	87c1                	srai	a5,a5,0x10
     778:	0207d563          	bgez	a5,7a2 <USART_Init+0xb4>
    {
        tmpreg |= ((((fractionaldivider * 8) + 50) / 100)) & ((uint8_t)0x07);
     77c:	050e                	slli	a0,a0,0x3
     77e:	06400593          	li	a1,100
     782:	03250513          	addi	a0,a0,50
     786:	96fff0ef          	jal	ra,f4 <__hidden___udivsi3>
     78a:	891d                	andi	a0,a0,7
    }
    else
    {
        tmpreg |= ((((fractionaldivider * 16) + 50) / 100)) & ((uint8_t)0x0F);
     78c:	8cc9                	or	s1,s1,a0
    }

    USARTx->BRR = (uint16_t)tmpreg;
     78e:	04c2                	slli	s1,s1,0x10
     790:	80c1                	srli	s1,s1,0x10
     792:	a406                	sh	s1,8(s0)
}
     794:	0161                	addi	sp,sp,24
     796:	935ff06f          	j	ca <__riscv_restore_0>
        apbclock = RCC_ClocksStatus.PCLK1_Frequency;
     79a:	47b2                	lw	a5,12(sp)
     79c:	b755                	j	740 <USART_Init+0x52>
        integerdivider = ((25 * apbclock) / (4 * (USART_InitStruct->USART_BaudRate)));
     79e:	058a                	slli	a1,a1,0x2
     7a0:	bf6d                	j	75a <USART_Init+0x6c>
        tmpreg |= ((((fractionaldivider * 16) + 50) / 100)) & ((uint8_t)0x0F);
     7a2:	0512                	slli	a0,a0,0x4
     7a4:	06400593          	li	a1,100
     7a8:	03250513          	addi	a0,a0,50
     7ac:	949ff0ef          	jal	ra,f4 <__hidden___udivsi3>
     7b0:	893d                	andi	a0,a0,15
     7b2:	bfe9                	j	78c <USART_Init+0x9e>

000007b4 <USART_Cmd>:
 */
void USART_Cmd(USART_TypeDef *USARTx, FunctionalState NewState)
{
    if(NewState != DISABLE)
    {
        USARTx->CTLR1 |= CTLR1_UE_Set;
     7b4:	255e                	lhu	a5,12(a0)
    if(NewState != DISABLE)
     7b6:	c589                	beqz	a1,7c0 <USART_Cmd+0xc>
        USARTx->CTLR1 |= CTLR1_UE_Set;
     7b8:	6709                	lui	a4,0x2
     7ba:	8fd9                	or	a5,a5,a4
    }
    else
    {
        USARTx->CTLR1 &= CTLR1_UE_Reset;
     7bc:	a55e                	sh	a5,12(a0)
    }
}
     7be:	8082                	ret
        USARTx->CTLR1 &= CTLR1_UE_Reset;
     7c0:	7779                	lui	a4,0xffffe
     7c2:	177d                	addi	a4,a4,-1 # ffffdfff <__global_pointer$+0xdfffd75f>
     7c4:	8ff9                	and	a5,a5,a4
     7c6:	bfdd                	j	7bc <USART_Cmd+0x8>

000007c8 <USART_SendData>:
 *
 * @return  none
 */
void USART_SendData(USART_TypeDef *USARTx, uint16_t Data)
{
    USARTx->DATAR = (Data & (uint16_t)0x01FF);
     7c8:	1ff5f593          	andi	a1,a1,511
     7cc:	a14e                	sh	a1,4(a0)
}
     7ce:	8082                	ret

000007d0 <USART_GetFlagStatus>:
 */
FlagStatus USART_GetFlagStatus(USART_TypeDef *USARTx, uint16_t USART_FLAG)
{
    FlagStatus bitstatus = RESET;

       if((USARTx->STATR & USART_FLAG) != (uint16_t)RESET)
     7d0:	210a                	lhu	a0,0(a0)
     7d2:	8d6d                	and	a0,a0,a1
    else
    {
        bitstatus = RESET;
    }
    return bitstatus;
}
     7d4:	00a03533          	snez	a0,a0
     7d8:	8082                	ret

000007da <__libc_init_array>:
     7da:	1151                	addi	sp,sp,-12
     7dc:	c222                	sw	s0,4(sp)
     7de:	00001717          	auipc	a4,0x1
     7e2:	46a70713          	addi	a4,a4,1130 # 1c48 <__fsymtab_end>
     7e6:	00001417          	auipc	s0,0x1
     7ea:	46240413          	addi	s0,s0,1122 # 1c48 <__fsymtab_end>
     7ee:	8c19                	sub	s0,s0,a4
     7f0:	c026                	sw	s1,0(sp)
     7f2:	c406                	sw	ra,8(sp)
     7f4:	8409                	srai	s0,s0,0x2
     7f6:	4481                	li	s1,0
     7f8:	02849463          	bne	s1,s0,820 <__libc_init_array+0x46>
     7fc:	00001717          	auipc	a4,0x1
     800:	44c70713          	addi	a4,a4,1100 # 1c48 <__fsymtab_end>
     804:	00001417          	auipc	s0,0x1
     808:	44440413          	addi	s0,s0,1092 # 1c48 <__fsymtab_end>
     80c:	8c19                	sub	s0,s0,a4
     80e:	8409                	srai	s0,s0,0x2
     810:	4481                	li	s1,0
     812:	02849263          	bne	s1,s0,836 <__libc_init_array+0x5c>
     816:	40a2                	lw	ra,8(sp)
     818:	4412                	lw	s0,4(sp)
     81a:	4482                	lw	s1,0(sp)
     81c:	0131                	addi	sp,sp,12
     81e:	8082                	ret
     820:	00249793          	slli	a5,s1,0x2
     824:	97ba                	add	a5,a5,a4
     826:	439c                	lw	a5,0(a5)
     828:	0485                	addi	s1,s1,1
     82a:	9782                	jalr	a5
     82c:	00001717          	auipc	a4,0x1
     830:	41c70713          	addi	a4,a4,1052 # 1c48 <__fsymtab_end>
     834:	b7d1                	j	7f8 <__libc_init_array+0x1e>
     836:	00249793          	slli	a5,s1,0x2
     83a:	97ba                	add	a5,a5,a4
     83c:	439c                	lw	a5,0(a5)
     83e:	0485                	addi	s1,s1,1
     840:	9782                	jalr	a5
     842:	00001717          	auipc	a4,0x1
     846:	40670713          	addi	a4,a4,1030 # 1c48 <__fsymtab_end>
     84a:	b7e1                	j	812 <__libc_init_array+0x38>

0000084c <iprintf>:
     84c:	fd810113          	addi	sp,sp,-40
     850:	c622                	sw	s0,12(sp)
     852:	c806                	sw	ra,16(sp)
     854:	842a                	mv	s0,a0
     856:	ca2e                	sw	a1,20(sp)
     858:	cc32                	sw	a2,24(sp)
     85a:	ce36                	sw	a3,28(sp)
     85c:	d03a                	sw	a4,32(sp)
     85e:	d23e                	sw	a5,36(sp)
     860:	20000517          	auipc	a0,0x20000
     864:	84052503          	lw	a0,-1984(a0) # 200000a0 <_impure_ptr>
     868:	c511                	beqz	a0,874 <iprintf+0x28>
     86a:	4d1c                	lw	a5,24(a0)
     86c:	e781                	bnez	a5,874 <iprintf+0x28>
     86e:	c02a                	sw	a0,0(sp)
     870:	23b9                	jal	dbe <__sinit>
     872:	4502                	lw	a0,0(sp)
     874:	450c                	lw	a1,8(a0)
     876:	0854                	addi	a3,sp,20
     878:	8622                	mv	a2,s0
     87a:	c236                	sw	a3,4(sp)
     87c:	1eb000ef          	jal	ra,1266 <_vfiprintf_r>
     880:	40c2                	lw	ra,16(sp)
     882:	4432                	lw	s0,12(sp)
     884:	02810113          	addi	sp,sp,40
     888:	8082                	ret

0000088a <_puts_r>:
     88a:	1141                	addi	sp,sp,-16
     88c:	c226                	sw	s1,4(sp)
     88e:	c606                	sw	ra,12(sp)
     890:	c422                	sw	s0,8(sp)
     892:	c02e                	sw	a1,0(sp)
     894:	84aa                	mv	s1,a0
     896:	e119                	bnez	a0,89c <_puts_r+0x12>
     898:	451c                	lw	a5,8(a0)
     89a:	9002                	ebreak
     89c:	4d18                	lw	a4,24(a0)
     89e:	ef31                	bnez	a4,8fa <_puts_r+0x70>
     8a0:	2b39                	jal	dbe <__sinit>
     8a2:	4c98                	lw	a4,24(s1)
     8a4:	4480                	lw	s0,8(s1)
     8a6:	cf21                	beqz	a4,8fe <_puts_r+0x74>
     8a8:	00001717          	auipc	a4,0x1
     8ac:	2ec70713          	addi	a4,a4,748 # 1b94 <__sf_fake_stdin>
     8b0:	04e41a63          	bne	s0,a4,904 <_puts_r+0x7a>
     8b4:	40c0                	lw	s0,4(s1)
     8b6:	5078                	lw	a4,100(s0)
     8b8:	8b05                	andi	a4,a4,1
     8ba:	e719                	bnez	a4,8c8 <_puts_r+0x3e>
     8bc:	245a                	lhu	a4,12(s0)
     8be:	20077713          	andi	a4,a4,512
     8c2:	e319                	bnez	a4,8c8 <_puts_r+0x3e>
     8c4:	4c28                	lw	a0,88(s0)
     8c6:	258d                	jal	f28 <__retarget_lock_acquire_recursive>
     8c8:	245a                	lhu	a4,12(s0)
     8ca:	8b21                	andi	a4,a4,8
     8cc:	c319                	beqz	a4,8d2 <_puts_r+0x48>
     8ce:	4818                	lw	a4,16(s0)
     8d0:	e72d                	bnez	a4,93a <_puts_r+0xb0>
     8d2:	85a2                	mv	a1,s0
     8d4:	8526                	mv	a0,s1
     8d6:	2ab5                	jal	a52 <__swsetup_r>
     8d8:	c12d                	beqz	a0,93a <_puts_r+0xb0>
     8da:	54fd                	li	s1,-1
     8dc:	507c                	lw	a5,100(s0)
     8de:	8b85                	andi	a5,a5,1
     8e0:	e799                	bnez	a5,8ee <_puts_r+0x64>
     8e2:	245e                	lhu	a5,12(s0)
     8e4:	2007f793          	andi	a5,a5,512
     8e8:	e399                	bnez	a5,8ee <_puts_r+0x64>
     8ea:	4c28                	lw	a0,88(s0)
     8ec:	2d3d                	jal	f2a <__retarget_lock_release_recursive>
     8ee:	40b2                	lw	ra,12(sp)
     8f0:	4422                	lw	s0,8(sp)
     8f2:	8526                	mv	a0,s1
     8f4:	4492                	lw	s1,4(sp)
     8f6:	0141                	addi	sp,sp,16
     8f8:	8082                	ret
     8fa:	4500                	lw	s0,8(a0)
     8fc:	b775                	j	8a8 <_puts_r+0x1e>
     8fe:	8526                	mv	a0,s1
     900:	297d                	jal	dbe <__sinit>
     902:	b75d                	j	8a8 <_puts_r+0x1e>
     904:	00001717          	auipc	a4,0x1
     908:	27070713          	addi	a4,a4,624 # 1b74 <__sf_fake_stdout>
     90c:	00e41463          	bne	s0,a4,914 <_puts_r+0x8a>
     910:	4480                	lw	s0,8(s1)
     912:	b755                	j	8b6 <_puts_r+0x2c>
     914:	00001717          	auipc	a4,0x1
     918:	24070713          	addi	a4,a4,576 # 1b54 <__sf_fake_stderr>
     91c:	f8e41de3          	bne	s0,a4,8b6 <_puts_r+0x2c>
     920:	44c0                	lw	s0,12(s1)
     922:	bf51                	j	8b6 <_puts_r+0x2c>
     924:	4782                	lw	a5,0(sp)
     926:	c418                	sw	a4,8(s0)
     928:	0785                	addi	a5,a5,1
     92a:	c03e                	sw	a5,0(sp)
     92c:	02074863          	bltz	a4,95c <_puts_r+0xd2>
     930:	4018                	lw	a4,0(s0)
     932:	00170693          	addi	a3,a4,1
     936:	c014                	sw	a3,0(s0)
     938:	a30c                	sb	a1,0(a4)
     93a:	4782                	lw	a5,0(sp)
     93c:	4418                	lw	a4,8(s0)
     93e:	238c                	lbu	a1,0(a5)
     940:	177d                	addi	a4,a4,-1
     942:	f1ed                	bnez	a1,924 <_puts_r+0x9a>
     944:	c418                	sw	a4,8(s0)
     946:	02075863          	bgez	a4,976 <_puts_r+0xec>
     94a:	8622                	mv	a2,s0
     94c:	45a9                	li	a1,10
     94e:	8526                	mv	a0,s1
     950:	2081                	jal	990 <__swbuf_r>
     952:	57fd                	li	a5,-1
     954:	f8f503e3          	beq	a0,a5,8da <_puts_r+0x50>
     958:	44a9                	li	s1,10
     95a:	b749                	j	8dc <_puts_r+0x52>
     95c:	4c14                	lw	a3,24(s0)
     95e:	00d74563          	blt	a4,a3,968 <_puts_r+0xde>
     962:	4729                	li	a4,10
     964:	fce596e3          	bne	a1,a4,930 <_puts_r+0xa6>
     968:	8622                	mv	a2,s0
     96a:	8526                	mv	a0,s1
     96c:	2015                	jal	990 <__swbuf_r>
     96e:	577d                	li	a4,-1
     970:	fce515e3          	bne	a0,a4,93a <_puts_r+0xb0>
     974:	b79d                	j	8da <_puts_r+0x50>
     976:	401c                	lw	a5,0(s0)
     978:	00178713          	addi	a4,a5,1
     97c:	c018                	sw	a4,0(s0)
     97e:	4729                	li	a4,10
     980:	a398                	sb	a4,0(a5)
     982:	bfd9                	j	958 <_puts_r+0xce>

00000984 <puts>:
     984:	85aa                	mv	a1,a0
     986:	1ffff517          	auipc	a0,0x1ffff
     98a:	71a52503          	lw	a0,1818(a0) # 200000a0 <_impure_ptr>
     98e:	bdf5                	j	88a <_puts_r>

00000990 <__swbuf_r>:
     990:	1131                	addi	sp,sp,-20
     992:	c622                	sw	s0,12(sp)
     994:	c426                	sw	s1,8(sp)
     996:	c806                	sw	ra,16(sp)
     998:	87aa                	mv	a5,a0
     99a:	84ae                	mv	s1,a1
     99c:	8432                	mv	s0,a2
     99e:	c511                	beqz	a0,9aa <__swbuf_r+0x1a>
     9a0:	4d18                	lw	a4,24(a0)
     9a2:	e701                	bnez	a4,9aa <__swbuf_r+0x1a>
     9a4:	c02a                	sw	a0,0(sp)
     9a6:	2921                	jal	dbe <__sinit>
     9a8:	4782                	lw	a5,0(sp)
     9aa:	00001717          	auipc	a4,0x1
     9ae:	1ea70713          	addi	a4,a4,490 # 1b94 <__sf_fake_stdin>
     9b2:	02e41763          	bne	s0,a4,9e0 <__swbuf_r+0x50>
     9b6:	43c0                	lw	s0,4(a5)
     9b8:	4c18                	lw	a4,24(s0)
     9ba:	c418                	sw	a4,8(s0)
     9bc:	245a                	lhu	a4,12(s0)
     9be:	8b21                	andi	a4,a4,8
     9c0:	c319                	beqz	a4,9c6 <__swbuf_r+0x36>
     9c2:	4818                	lw	a4,16(s0)
     9c4:	ef15                	bnez	a4,a00 <__swbuf_r+0x70>
     9c6:	853e                	mv	a0,a5
     9c8:	85a2                	mv	a1,s0
     9ca:	c03e                	sw	a5,0(sp)
     9cc:	2059                	jal	a52 <__swsetup_r>
     9ce:	4782                	lw	a5,0(sp)
     9d0:	c905                	beqz	a0,a00 <__swbuf_r+0x70>
     9d2:	54fd                	li	s1,-1
     9d4:	40c2                	lw	ra,16(sp)
     9d6:	4432                	lw	s0,12(sp)
     9d8:	8526                	mv	a0,s1
     9da:	44a2                	lw	s1,8(sp)
     9dc:	0151                	addi	sp,sp,20
     9de:	8082                	ret
     9e0:	00001717          	auipc	a4,0x1
     9e4:	19470713          	addi	a4,a4,404 # 1b74 <__sf_fake_stdout>
     9e8:	00e41463          	bne	s0,a4,9f0 <__swbuf_r+0x60>
     9ec:	4780                	lw	s0,8(a5)
     9ee:	b7e9                	j	9b8 <__swbuf_r+0x28>
     9f0:	00001717          	auipc	a4,0x1
     9f4:	16470713          	addi	a4,a4,356 # 1b54 <__sf_fake_stderr>
     9f8:	fce410e3          	bne	s0,a4,9b8 <__swbuf_r+0x28>
     9fc:	47c0                	lw	s0,12(a5)
     9fe:	bf6d                	j	9b8 <__swbuf_r+0x28>
     a00:	4818                	lw	a4,16(s0)
     a02:	4008                	lw	a0,0(s0)
     a04:	0ff4f693          	zext.b	a3,s1
     a08:	0ff4f493          	zext.b	s1,s1
     a0c:	8d19                	sub	a0,a0,a4
     a0e:	4858                	lw	a4,20(s0)
     a10:	00e54a63          	blt	a0,a4,a24 <__swbuf_r+0x94>
     a14:	853e                	mv	a0,a5
     a16:	85a2                	mv	a1,s0
     a18:	c236                	sw	a3,4(sp)
     a1a:	c03e                	sw	a5,0(sp)
     a1c:	24b9                	jal	c6a <_fflush_r>
     a1e:	4782                	lw	a5,0(sp)
     a20:	4692                	lw	a3,4(sp)
     a22:	f945                	bnez	a0,9d2 <__swbuf_r+0x42>
     a24:	4418                	lw	a4,8(s0)
     a26:	0505                	addi	a0,a0,1
     a28:	177d                	addi	a4,a4,-1
     a2a:	c418                	sw	a4,8(s0)
     a2c:	4018                	lw	a4,0(s0)
     a2e:	00170613          	addi	a2,a4,1
     a32:	c010                	sw	a2,0(s0)
     a34:	a314                	sb	a3,0(a4)
     a36:	4858                	lw	a4,20(s0)
     a38:	00a70863          	beq	a4,a0,a48 <__swbuf_r+0xb8>
     a3c:	245a                	lhu	a4,12(s0)
     a3e:	8b05                	andi	a4,a4,1
     a40:	db51                	beqz	a4,9d4 <__swbuf_r+0x44>
     a42:	4729                	li	a4,10
     a44:	f8e498e3          	bne	s1,a4,9d4 <__swbuf_r+0x44>
     a48:	85a2                	mv	a1,s0
     a4a:	853e                	mv	a0,a5
     a4c:	2c39                	jal	c6a <_fflush_r>
     a4e:	d159                	beqz	a0,9d4 <__swbuf_r+0x44>
     a50:	b749                	j	9d2 <__swbuf_r+0x42>

00000a52 <__swsetup_r>:
     a52:	1141                	addi	sp,sp,-16
     a54:	c422                	sw	s0,8(sp)
     a56:	c226                	sw	s1,4(sp)
     a58:	c606                	sw	ra,12(sp)
     a5a:	84aa                	mv	s1,a0
     a5c:	1ffff517          	auipc	a0,0x1ffff
     a60:	64452503          	lw	a0,1604(a0) # 200000a0 <_impure_ptr>
     a64:	842e                	mv	s0,a1
     a66:	c511                	beqz	a0,a72 <__swsetup_r+0x20>
     a68:	4d1c                	lw	a5,24(a0)
     a6a:	e781                	bnez	a5,a72 <__swsetup_r+0x20>
     a6c:	c02a                	sw	a0,0(sp)
     a6e:	2e81                	jal	dbe <__sinit>
     a70:	4502                	lw	a0,0(sp)
     a72:	00001797          	auipc	a5,0x1
     a76:	12278793          	addi	a5,a5,290 # 1b94 <__sf_fake_stdin>
     a7a:	02f41263          	bne	s0,a5,a9e <__swsetup_r+0x4c>
     a7e:	4140                	lw	s0,4(a0)
     a80:	00c41783          	lh	a5,12(s0)
     a84:	0087f713          	andi	a4,a5,8
     a88:	e33d                	bnez	a4,aee <__swsetup_r+0x9c>
     a8a:	0107f713          	andi	a4,a5,16
     a8e:	eb05                	bnez	a4,abe <__swsetup_r+0x6c>
     a90:	4725                	li	a4,9
     a92:	c098                	sw	a4,0(s1)
     a94:	0407e793          	ori	a5,a5,64
     a98:	a45e                	sh	a5,12(s0)
     a9a:	557d                	li	a0,-1
     a9c:	a071                	j	b28 <__swsetup_r+0xd6>
     a9e:	00001797          	auipc	a5,0x1
     aa2:	0d678793          	addi	a5,a5,214 # 1b74 <__sf_fake_stdout>
     aa6:	00f41463          	bne	s0,a5,aae <__swsetup_r+0x5c>
     aaa:	4500                	lw	s0,8(a0)
     aac:	bfd1                	j	a80 <__swsetup_r+0x2e>
     aae:	00001797          	auipc	a5,0x1
     ab2:	0a678793          	addi	a5,a5,166 # 1b54 <__sf_fake_stderr>
     ab6:	fcf415e3          	bne	s0,a5,a80 <__swsetup_r+0x2e>
     aba:	4540                	lw	s0,12(a0)
     abc:	b7d1                	j	a80 <__swsetup_r+0x2e>
     abe:	8b91                	andi	a5,a5,4
     ac0:	c39d                	beqz	a5,ae6 <__swsetup_r+0x94>
     ac2:	584c                	lw	a1,52(s0)
     ac4:	c989                	beqz	a1,ad6 <__swsetup_r+0x84>
     ac6:	04440793          	addi	a5,s0,68
     aca:	00f58463          	beq	a1,a5,ad2 <__swsetup_r+0x80>
     ace:	8526                	mv	a0,s1
     ad0:	2391                	jal	1014 <_free_r>
     ad2:	02042a23          	sw	zero,52(s0)
     ad6:	245e                	lhu	a5,12(s0)
     ad8:	00042223          	sw	zero,4(s0)
     adc:	fdb7f793          	andi	a5,a5,-37
     ae0:	a45e                	sh	a5,12(s0)
     ae2:	481c                	lw	a5,16(s0)
     ae4:	c01c                	sw	a5,0(s0)
     ae6:	245e                	lhu	a5,12(s0)
     ae8:	0087e793          	ori	a5,a5,8
     aec:	a45e                	sh	a5,12(s0)
     aee:	481c                	lw	a5,16(s0)
     af0:	eb99                	bnez	a5,b06 <__swsetup_r+0xb4>
     af2:	245e                	lhu	a5,12(s0)
     af4:	20000713          	li	a4,512
     af8:	2807f793          	andi	a5,a5,640
     afc:	00e78563          	beq	a5,a4,b06 <__swsetup_r+0xb4>
     b00:	85a2                	mv	a1,s0
     b02:	8526                	mv	a0,s1
     b04:	2159                	jal	f8a <__smakebuf_r>
     b06:	00c41783          	lh	a5,12(s0)
     b0a:	0017f713          	andi	a4,a5,1
     b0e:	c315                	beqz	a4,b32 <__swsetup_r+0xe0>
     b10:	4858                	lw	a4,20(s0)
     b12:	00042423          	sw	zero,8(s0)
     b16:	40e00733          	neg	a4,a4
     b1a:	cc18                	sw	a4,24(s0)
     b1c:	4818                	lw	a4,16(s0)
     b1e:	4501                	li	a0,0
     b20:	e701                	bnez	a4,b28 <__swsetup_r+0xd6>
     b22:	0807f713          	andi	a4,a5,128
     b26:	f73d                	bnez	a4,a94 <__swsetup_r+0x42>
     b28:	40b2                	lw	ra,12(sp)
     b2a:	4422                	lw	s0,8(sp)
     b2c:	4492                	lw	s1,4(sp)
     b2e:	0141                	addi	sp,sp,16
     b30:	8082                	ret
     b32:	0027f713          	andi	a4,a5,2
     b36:	4681                	li	a3,0
     b38:	e311                	bnez	a4,b3c <__swsetup_r+0xea>
     b3a:	4854                	lw	a3,20(s0)
     b3c:	c414                	sw	a3,8(s0)
     b3e:	bff9                	j	b1c <__swsetup_r+0xca>

00000b40 <__sflush_r>:
     b40:	00c59783          	lh	a5,12(a1)
     b44:	1131                	addi	sp,sp,-20
     b46:	c622                	sw	s0,12(sp)
     b48:	c806                	sw	ra,16(sp)
     b4a:	c426                	sw	s1,8(sp)
     b4c:	0087f693          	andi	a3,a5,8
     b50:	872a                	mv	a4,a0
     b52:	842e                	mv	s0,a1
     b54:	e6f1                	bnez	a3,c20 <__sflush_r+0xe0>
     b56:	41d4                	lw	a3,4(a1)
     b58:	00d04563          	bgtz	a3,b62 <__sflush_r+0x22>
     b5c:	41b4                	lw	a3,64(a1)
     b5e:	08d05963          	blez	a3,bf0 <__sflush_r+0xb0>
     b62:	02c42303          	lw	t1,44(s0)
     b66:	08030563          	beqz	t1,bf0 <__sflush_r+0xb0>
     b6a:	83b1                	srli	a5,a5,0xc
     b6c:	4304                	lw	s1,0(a4)
     b6e:	8b85                	andi	a5,a5,1
     b70:	00072023          	sw	zero,0(a4)
     b74:	500c                	lw	a1,32(s0)
     b76:	cbb1                	beqz	a5,bca <__sflush_r+0x8a>
     b78:	4870                	lw	a2,84(s0)
     b7a:	245e                	lhu	a5,12(s0)
     b7c:	8b91                	andi	a5,a5,4
     b7e:	c799                	beqz	a5,b8c <__sflush_r+0x4c>
     b80:	405c                	lw	a5,4(s0)
     b82:	8e1d                	sub	a2,a2,a5
     b84:	585c                	lw	a5,52(s0)
     b86:	c399                	beqz	a5,b8c <__sflush_r+0x4c>
     b88:	403c                	lw	a5,64(s0)
     b8a:	8e1d                	sub	a2,a2,a5
     b8c:	545c                	lw	a5,44(s0)
     b8e:	500c                	lw	a1,32(s0)
     b90:	853a                	mv	a0,a4
     b92:	4681                	li	a3,0
     b94:	c03a                	sw	a4,0(sp)
     b96:	9782                	jalr	a5
     b98:	57fd                	li	a5,-1
     b9a:	4702                	lw	a4,0(sp)
     b9c:	04f50c63          	beq	a0,a5,bf4 <__sflush_r+0xb4>
     ba0:	481c                	lw	a5,16(s0)
     ba2:	6685                	lui	a3,0x1
     ba4:	00042223          	sw	zero,4(s0)
     ba8:	c01c                	sw	a5,0(s0)
     baa:	245e                	lhu	a5,12(s0)
     bac:	8ff5                	and	a5,a5,a3
     bae:	c391                	beqz	a5,bb2 <__sflush_r+0x72>
     bb0:	c868                	sw	a0,84(s0)
     bb2:	584c                	lw	a1,52(s0)
     bb4:	c304                	sw	s1,0(a4)
     bb6:	cd8d                	beqz	a1,bf0 <__sflush_r+0xb0>
     bb8:	04440793          	addi	a5,s0,68
     bbc:	00f58463          	beq	a1,a5,bc4 <__sflush_r+0x84>
     bc0:	853a                	mv	a0,a4
     bc2:	2989                	jal	1014 <_free_r>
     bc4:	02042a23          	sw	zero,52(s0)
     bc8:	a025                	j	bf0 <__sflush_r+0xb0>
     bca:	4601                	li	a2,0
     bcc:	853a                	mv	a0,a4
     bce:	4685                	li	a3,1
     bd0:	c03a                	sw	a4,0(sp)
     bd2:	9302                	jalr	t1
     bd4:	57fd                	li	a5,-1
     bd6:	4702                	lw	a4,0(sp)
     bd8:	862a                	mv	a2,a0
     bda:	faf510e3          	bne	a0,a5,b7a <__sflush_r+0x3a>
     bde:	431c                	lw	a5,0(a4)
     be0:	dfc9                	beqz	a5,b7a <__sflush_r+0x3a>
     be2:	46f5                	li	a3,29
     be4:	00d78563          	beq	a5,a3,bee <__sflush_r+0xae>
     be8:	46d9                	li	a3,22
     bea:	06d79263          	bne	a5,a3,c4e <__sflush_r+0x10e>
     bee:	c304                	sw	s1,0(a4)
     bf0:	4501                	li	a0,0
     bf2:	a0a5                	j	c5a <__sflush_r+0x11a>
     bf4:	4314                	lw	a3,0(a4)
     bf6:	00c41783          	lh	a5,12(s0)
     bfa:	ce81                	beqz	a3,c12 <__sflush_r+0xd2>
     bfc:	4675                	li	a2,29
     bfe:	00c68563          	beq	a3,a2,c08 <__sflush_r+0xc8>
     c02:	4659                	li	a2,22
     c04:	04c69763          	bne	a3,a2,c52 <__sflush_r+0x112>
     c08:	481c                	lw	a5,16(s0)
     c0a:	00042223          	sw	zero,4(s0)
     c0e:	c01c                	sw	a5,0(s0)
     c10:	b74d                	j	bb2 <__sflush_r+0x72>
     c12:	4814                	lw	a3,16(s0)
     c14:	83b1                	srli	a5,a5,0xc
     c16:	00042223          	sw	zero,4(s0)
     c1a:	c014                	sw	a3,0(s0)
     c1c:	8b85                	andi	a5,a5,1
     c1e:	bf41                	j	bae <__sflush_r+0x6e>
     c20:	4990                	lw	a2,16(a1)
     c22:	d679                	beqz	a2,bf0 <__sflush_r+0xb0>
     c24:	4184                	lw	s1,0(a1)
     c26:	8b8d                	andi	a5,a5,3
     c28:	c190                	sw	a2,0(a1)
     c2a:	8c91                	sub	s1,s1,a2
     c2c:	4681                	li	a3,0
     c2e:	e391                	bnez	a5,c32 <__sflush_r+0xf2>
     c30:	49d4                	lw	a3,20(a1)
     c32:	c414                	sw	a3,8(s0)
     c34:	fa905ee3          	blez	s1,bf0 <__sflush_r+0xb0>
     c38:	541c                	lw	a5,40(s0)
     c3a:	500c                	lw	a1,32(s0)
     c3c:	853a                	mv	a0,a4
     c3e:	86a6                	mv	a3,s1
     c40:	c232                	sw	a2,4(sp)
     c42:	c03a                	sw	a4,0(sp)
     c44:	9782                	jalr	a5
     c46:	4702                	lw	a4,0(sp)
     c48:	4612                	lw	a2,4(sp)
     c4a:	00a04d63          	bgtz	a0,c64 <__sflush_r+0x124>
     c4e:	00c41783          	lh	a5,12(s0)
     c52:	0407e793          	ori	a5,a5,64
     c56:	a45e                	sh	a5,12(s0)
     c58:	557d                	li	a0,-1
     c5a:	40c2                	lw	ra,16(sp)
     c5c:	4432                	lw	s0,12(sp)
     c5e:	44a2                	lw	s1,8(sp)
     c60:	0151                	addi	sp,sp,20
     c62:	8082                	ret
     c64:	962a                	add	a2,a2,a0
     c66:	8c89                	sub	s1,s1,a0
     c68:	b7f1                	j	c34 <__sflush_r+0xf4>

00000c6a <_fflush_r>:
     c6a:	499c                	lw	a5,16(a1)
     c6c:	1151                	addi	sp,sp,-12
     c6e:	c406                	sw	ra,8(sp)
     c70:	c222                	sw	s0,4(sp)
     c72:	c026                	sw	s1,0(sp)
     c74:	eb81                	bnez	a5,c84 <_fflush_r+0x1a>
     c76:	4481                	li	s1,0
     c78:	40a2                	lw	ra,8(sp)
     c7a:	4412                	lw	s0,4(sp)
     c7c:	8526                	mv	a0,s1
     c7e:	4482                	lw	s1,0(sp)
     c80:	0131                	addi	sp,sp,12
     c82:	8082                	ret
     c84:	84aa                	mv	s1,a0
     c86:	842e                	mv	s0,a1
     c88:	c501                	beqz	a0,c90 <_fflush_r+0x26>
     c8a:	4d1c                	lw	a5,24(a0)
     c8c:	e391                	bnez	a5,c90 <_fflush_r+0x26>
     c8e:	2a05                	jal	dbe <__sinit>
     c90:	00001797          	auipc	a5,0x1
     c94:	f0478793          	addi	a5,a5,-252 # 1b94 <__sf_fake_stdin>
     c98:	02f41c63          	bne	s0,a5,cd0 <_fflush_r+0x66>
     c9c:	40c0                	lw	s0,4(s1)
     c9e:	00c41783          	lh	a5,12(s0)
     ca2:	dbf1                	beqz	a5,c76 <_fflush_r+0xc>
     ca4:	5078                	lw	a4,100(s0)
     ca6:	8b05                	andi	a4,a4,1
     ca8:	e711                	bnez	a4,cb4 <_fflush_r+0x4a>
     caa:	2007f793          	andi	a5,a5,512
     cae:	e399                	bnez	a5,cb4 <_fflush_r+0x4a>
     cb0:	4c28                	lw	a0,88(s0)
     cb2:	2c9d                	jal	f28 <__retarget_lock_acquire_recursive>
     cb4:	8526                	mv	a0,s1
     cb6:	85a2                	mv	a1,s0
     cb8:	3561                	jal	b40 <__sflush_r>
     cba:	507c                	lw	a5,100(s0)
     cbc:	84aa                	mv	s1,a0
     cbe:	8b85                	andi	a5,a5,1
     cc0:	ffc5                	bnez	a5,c78 <_fflush_r+0xe>
     cc2:	245e                	lhu	a5,12(s0)
     cc4:	2007f793          	andi	a5,a5,512
     cc8:	fbc5                	bnez	a5,c78 <_fflush_r+0xe>
     cca:	4c28                	lw	a0,88(s0)
     ccc:	2cb9                	jal	f2a <__retarget_lock_release_recursive>
     cce:	b76d                	j	c78 <_fflush_r+0xe>
     cd0:	00001797          	auipc	a5,0x1
     cd4:	ea478793          	addi	a5,a5,-348 # 1b74 <__sf_fake_stdout>
     cd8:	00f41463          	bne	s0,a5,ce0 <_fflush_r+0x76>
     cdc:	4480                	lw	s0,8(s1)
     cde:	b7c1                	j	c9e <_fflush_r+0x34>
     ce0:	00001797          	auipc	a5,0x1
     ce4:	e7478793          	addi	a5,a5,-396 # 1b54 <__sf_fake_stderr>
     ce8:	faf41be3          	bne	s0,a5,c9e <_fflush_r+0x34>
     cec:	44c0                	lw	s0,12(s1)
     cee:	bf45                	j	c9e <_fflush_r+0x34>

00000cf0 <std>:
     cf0:	1151                	addi	sp,sp,-12
     cf2:	c222                	sw	s0,4(sp)
     cf4:	c406                	sw	ra,8(sp)
     cf6:	842a                	mv	s0,a0
     cf8:	a54e                	sh	a1,12(a0)
     cfa:	a572                	sh	a2,14(a0)
     cfc:	00052023          	sw	zero,0(a0)
     d00:	00052223          	sw	zero,4(a0)
     d04:	00052423          	sw	zero,8(a0)
     d08:	06052223          	sw	zero,100(a0)
     d0c:	00052823          	sw	zero,16(a0)
     d10:	00052a23          	sw	zero,20(a0)
     d14:	00052c23          	sw	zero,24(a0)
     d18:	4621                	li	a2,8
     d1a:	4581                	li	a1,0
     d1c:	05c50513          	addi	a0,a0,92
     d20:	c4aff0ef          	jal	ra,16a <memset>
     d24:	00001797          	auipc	a5,0x1
     d28:	83678793          	addi	a5,a5,-1994 # 155a <__sread>
     d2c:	d05c                	sw	a5,36(s0)
     d2e:	00001797          	auipc	a5,0x1
     d32:	85878793          	addi	a5,a5,-1960 # 1586 <__swrite>
     d36:	d41c                	sw	a5,40(s0)
     d38:	00001797          	auipc	a5,0x1
     d3c:	88e78793          	addi	a5,a5,-1906 # 15c6 <__sseek>
     d40:	d45c                	sw	a5,44(s0)
     d42:	00001797          	auipc	a5,0x1
     d46:	8b478793          	addi	a5,a5,-1868 # 15f6 <__sclose>
     d4a:	40a2                	lw	ra,8(sp)
     d4c:	d000                	sw	s0,32(s0)
     d4e:	d81c                	sw	a5,48(s0)
     d50:	4412                	lw	s0,4(sp)
     d52:	0131                	addi	sp,sp,12
     d54:	8082                	ret

00000d56 <_cleanup_r>:
     d56:	00000597          	auipc	a1,0x0
     d5a:	f1458593          	addi	a1,a1,-236 # c6a <_fflush_r>
     d5e:	a2b5                	j	eca <_fwalk_reent>

00000d60 <__sfmoreglue>:
     d60:	1141                	addi	sp,sp,-16
     d62:	fff58713          	addi	a4,a1,-1
     d66:	c422                	sw	s0,8(sp)
     d68:	00171413          	slli	s0,a4,0x1
     d6c:	943a                	add	s0,s0,a4
     d6e:	040a                	slli	s0,s0,0x2
     d70:	943a                	add	s0,s0,a4
     d72:	040e                	slli	s0,s0,0x3
     d74:	c02e                	sw	a1,0(sp)
     d76:	07440593          	addi	a1,s0,116
     d7a:	c226                	sw	s1,4(sp)
     d7c:	c606                	sw	ra,12(sp)
     d7e:	2641                	jal	10fe <_malloc_r>
     d80:	84aa                	mv	s1,a0
     d82:	cd01                	beqz	a0,d9a <__sfmoreglue+0x3a>
     d84:	4782                	lw	a5,0(sp)
     d86:	00052023          	sw	zero,0(a0)
     d8a:	06840613          	addi	a2,s0,104
     d8e:	c15c                	sw	a5,4(a0)
     d90:	0531                	addi	a0,a0,12
     d92:	c488                	sw	a0,8(s1)
     d94:	4581                	li	a1,0
     d96:	bd4ff0ef          	jal	ra,16a <memset>
     d9a:	40b2                	lw	ra,12(sp)
     d9c:	4422                	lw	s0,8(sp)
     d9e:	8526                	mv	a0,s1
     da0:	4492                	lw	s1,4(sp)
     da2:	0141                	addi	sp,sp,16
     da4:	8082                	ret

00000da6 <__sfp_lock_acquire>:
     da6:	81018513          	addi	a0,gp,-2032 # 200000b0 <__lock___sfp_recursive_mutex>
     daa:	aabd                	j	f28 <__retarget_lock_acquire_recursive>

00000dac <__sfp_lock_release>:
     dac:	81018513          	addi	a0,gp,-2032 # 200000b0 <__lock___sfp_recursive_mutex>
     db0:	aaad                	j	f2a <__retarget_lock_release_recursive>

00000db2 <__sinit_lock_acquire>:
     db2:	81418513          	addi	a0,gp,-2028 # 200000b4 <__lock___sinit_recursive_mutex>
     db6:	aa8d                	j	f28 <__retarget_lock_acquire_recursive>

00000db8 <__sinit_lock_release>:
     db8:	81418513          	addi	a0,gp,-2028 # 200000b4 <__lock___sinit_recursive_mutex>
     dbc:	a2bd                	j	f2a <__retarget_lock_release_recursive>

00000dbe <__sinit>:
     dbe:	1151                	addi	sp,sp,-12
     dc0:	c222                	sw	s0,4(sp)
     dc2:	c406                	sw	ra,8(sp)
     dc4:	842a                	mv	s0,a0
     dc6:	37f5                	jal	db2 <__sinit_lock_acquire>
     dc8:	4c1c                	lw	a5,24(s0)
     dca:	c789                	beqz	a5,dd4 <__sinit+0x16>
     dcc:	4412                	lw	s0,4(sp)
     dce:	40a2                	lw	ra,8(sp)
     dd0:	0131                	addi	sp,sp,12
     dd2:	b7dd                	j	db8 <__sinit_lock_release>
     dd4:	00000797          	auipc	a5,0x0
     dd8:	f8278793          	addi	a5,a5,-126 # d56 <_cleanup_r>
     ddc:	d41c                	sw	a5,40(s0)
     dde:	04042423          	sw	zero,72(s0)
     de2:	04042623          	sw	zero,76(s0)
     de6:	04042823          	sw	zero,80(s0)
     dea:	8081a783          	lw	a5,-2040(gp) # 200000a8 <_global_impure_ptr>
     dee:	00879463          	bne	a5,s0,df6 <__sinit+0x38>
     df2:	4785                	li	a5,1
     df4:	cc1c                	sw	a5,24(s0)
     df6:	8522                	mv	a0,s0
     df8:	203d                	jal	e26 <__sfp>
     dfa:	c048                	sw	a0,4(s0)
     dfc:	8522                	mv	a0,s0
     dfe:	2025                	jal	e26 <__sfp>
     e00:	c408                	sw	a0,8(s0)
     e02:	8522                	mv	a0,s0
     e04:	200d                	jal	e26 <__sfp>
     e06:	c448                	sw	a0,12(s0)
     e08:	4048                	lw	a0,4(s0)
     e0a:	4601                	li	a2,0
     e0c:	4591                	li	a1,4
     e0e:	35cd                	jal	cf0 <std>
     e10:	4408                	lw	a0,8(s0)
     e12:	4605                	li	a2,1
     e14:	45a5                	li	a1,9
     e16:	3de9                	jal	cf0 <std>
     e18:	4448                	lw	a0,12(s0)
     e1a:	4609                	li	a2,2
     e1c:	45c9                	li	a1,18
     e1e:	3dc9                	jal	cf0 <std>
     e20:	4785                	li	a5,1
     e22:	cc1c                	sw	a5,24(s0)
     e24:	b765                	j	dcc <__sinit+0xe>

00000e26 <__sfp>:
     e26:	1141                	addi	sp,sp,-16
     e28:	c422                	sw	s0,8(sp)
     e2a:	c226                	sw	s1,4(sp)
     e2c:	c606                	sw	ra,12(sp)
     e2e:	84aa                	mv	s1,a0
     e30:	3f9d                	jal	da6 <__sfp_lock_acquire>
     e32:	8081a403          	lw	s0,-2040(gp) # 200000a8 <_global_impure_ptr>
     e36:	4c1c                	lw	a5,24(s0)
     e38:	e399                	bnez	a5,e3e <__sfp+0x18>
     e3a:	8522                	mv	a0,s0
     e3c:	3749                	jal	dbe <__sinit>
     e3e:	04840793          	addi	a5,s0,72
     e42:	4780                	lw	s0,8(a5)
     e44:	43d8                	lw	a4,4(a5)
     e46:	177d                	addi	a4,a4,-1
     e48:	00075663          	bgez	a4,e54 <__sfp+0x2e>
     e4c:	4398                	lw	a4,0(a5)
     e4e:	c335                	beqz	a4,eb2 <__sfp+0x8c>
     e50:	439c                	lw	a5,0(a5)
     e52:	bfc5                	j	e42 <__sfp+0x1c>
     e54:	00c41683          	lh	a3,12(s0)
     e58:	eab1                	bnez	a3,eac <__sfp+0x86>
     e5a:	77c1                	lui	a5,0xffff0
     e5c:	0785                	addi	a5,a5,1 # ffff0001 <__global_pointer$+0xdffef761>
     e5e:	c45c                	sw	a5,12(s0)
     e60:	05840513          	addi	a0,s0,88
     e64:	06042223          	sw	zero,100(s0)
     e68:	287d                	jal	f26 <__retarget_lock_init_recursive>
     e6a:	3789                	jal	dac <__sfp_lock_release>
     e6c:	4621                	li	a2,8
     e6e:	00042023          	sw	zero,0(s0)
     e72:	00042423          	sw	zero,8(s0)
     e76:	00042223          	sw	zero,4(s0)
     e7a:	00042823          	sw	zero,16(s0)
     e7e:	00042a23          	sw	zero,20(s0)
     e82:	00042c23          	sw	zero,24(s0)
     e86:	4581                	li	a1,0
     e88:	05c40513          	addi	a0,s0,92
     e8c:	adeff0ef          	jal	ra,16a <memset>
     e90:	02042a23          	sw	zero,52(s0)
     e94:	02042c23          	sw	zero,56(s0)
     e98:	04042423          	sw	zero,72(s0)
     e9c:	04042623          	sw	zero,76(s0)
     ea0:	40b2                	lw	ra,12(sp)
     ea2:	8522                	mv	a0,s0
     ea4:	4422                	lw	s0,8(sp)
     ea6:	4492                	lw	s1,4(sp)
     ea8:	0141                	addi	sp,sp,16
     eaa:	8082                	ret
     eac:	06840413          	addi	s0,s0,104
     eb0:	bf59                	j	e46 <__sfp+0x20>
     eb2:	4591                	li	a1,4
     eb4:	8526                	mv	a0,s1
     eb6:	c03e                	sw	a5,0(sp)
     eb8:	3565                	jal	d60 <__sfmoreglue>
     eba:	4782                	lw	a5,0(sp)
     ebc:	842a                	mv	s0,a0
     ebe:	c388                	sw	a0,0(a5)
     ec0:	f941                	bnez	a0,e50 <__sfp+0x2a>
     ec2:	35ed                	jal	dac <__sfp_lock_release>
     ec4:	47b1                	li	a5,12
     ec6:	c09c                	sw	a5,0(s1)
     ec8:	bfe1                	j	ea0 <__sfp+0x7a>

00000eca <_fwalk_reent>:
     eca:	1111                	addi	sp,sp,-28
     ecc:	ca22                	sw	s0,20(sp)
     ece:	cc06                	sw	ra,24(sp)
     ed0:	c826                	sw	s1,16(sp)
     ed2:	87aa                	mv	a5,a0
     ed4:	86ae                	mv	a3,a1
     ed6:	04850413          	addi	s0,a0,72
     eda:	4701                	li	a4,0
     edc:	4404                	lw	s1,8(s0)
     ede:	4050                	lw	a2,4(s0)
     ee0:	167d                	addi	a2,a2,-1 # 40020fff <__global_pointer$+0x2002075f>
     ee2:	00065a63          	bgez	a2,ef6 <_fwalk_reent+0x2c>
     ee6:	4000                	lw	s0,0(s0)
     ee8:	f875                	bnez	s0,edc <_fwalk_reent+0x12>
     eea:	40e2                	lw	ra,24(sp)
     eec:	4452                	lw	s0,20(sp)
     eee:	44c2                	lw	s1,16(sp)
     ef0:	853a                	mv	a0,a4
     ef2:	0171                	addi	sp,sp,28
     ef4:	8082                	ret
     ef6:	24ca                	lhu	a0,12(s1)
     ef8:	4585                	li	a1,1
     efa:	02a5f363          	bgeu	a1,a0,f20 <_fwalk_reent+0x56>
     efe:	00e49503          	lh	a0,14(s1)
     f02:	55fd                	li	a1,-1
     f04:	00b50e63          	beq	a0,a1,f20 <_fwalk_reent+0x56>
     f08:	853e                	mv	a0,a5
     f0a:	85a6                	mv	a1,s1
     f0c:	c63a                	sw	a4,12(sp)
     f0e:	c432                	sw	a2,8(sp)
     f10:	c23e                	sw	a5,4(sp)
     f12:	c036                	sw	a3,0(sp)
     f14:	9682                	jalr	a3
     f16:	4732                	lw	a4,12(sp)
     f18:	4622                	lw	a2,8(sp)
     f1a:	4792                	lw	a5,4(sp)
     f1c:	4682                	lw	a3,0(sp)
     f1e:	8f49                	or	a4,a4,a0
     f20:	06848493          	addi	s1,s1,104
     f24:	bf75                	j	ee0 <_fwalk_reent+0x16>

00000f26 <__retarget_lock_init_recursive>:
     f26:	8082                	ret

00000f28 <__retarget_lock_acquire_recursive>:
     f28:	8082                	ret

00000f2a <__retarget_lock_release_recursive>:
     f2a:	8082                	ret

00000f2c <__swhatbuf_r>:
     f2c:	87ae                	mv	a5,a1
     f2e:	00e59583          	lh	a1,14(a1)
     f32:	7159                	addi	sp,sp,-112
     f34:	d2a6                	sw	s1,100(sp)
     f36:	d686                	sw	ra,108(sp)
     f38:	d4a2                	sw	s0,104(sp)
     f3a:	84b2                	mv	s1,a2
     f3c:	0205d063          	bgez	a1,f5c <__swhatbuf_r+0x30>
     f40:	27de                	lhu	a5,12(a5)
     f42:	0807f793          	andi	a5,a5,128
     f46:	ef95                	bnez	a5,f82 <__swhatbuf_r+0x56>
     f48:	40000713          	li	a4,1024
     f4c:	50b6                	lw	ra,108(sp)
     f4e:	5426                	lw	s0,104(sp)
     f50:	c29c                	sw	a5,0(a3)
     f52:	c098                	sw	a4,0(s1)
     f54:	4501                	li	a0,0
     f56:	5496                	lw	s1,100(sp)
     f58:	6165                	addi	sp,sp,112
     f5a:	8082                	ret
     f5c:	00f10413          	addi	s0,sp,15
     f60:	9861                	andi	s0,s0,-8
     f62:	8622                	mv	a2,s0
     f64:	c236                	sw	a3,4(sp)
     f66:	c03e                	sw	a5,0(sp)
     f68:	25dd                	jal	164e <_fstat_r>
     f6a:	4782                	lw	a5,0(sp)
     f6c:	4692                	lw	a3,4(sp)
     f6e:	fc0549e3          	bltz	a0,f40 <__swhatbuf_r+0x14>
     f72:	4058                	lw	a4,4(s0)
     f74:	67bd                	lui	a5,0xf
     f76:	8ff9                	and	a5,a5,a4
     f78:	7779                	lui	a4,0xffffe
     f7a:	97ba                	add	a5,a5,a4
     f7c:	0017b793          	seqz	a5,a5
     f80:	b7e1                	j	f48 <__swhatbuf_r+0x1c>
     f82:	4781                	li	a5,0
     f84:	04000713          	li	a4,64
     f88:	b7d1                	j	f4c <__swhatbuf_r+0x20>

00000f8a <__smakebuf_r>:
     f8a:	25da                	lhu	a4,12(a1)
     f8c:	1111                	addi	sp,sp,-28
     f8e:	ca22                	sw	s0,20(sp)
     f90:	cc06                	sw	ra,24(sp)
     f92:	c826                	sw	s1,16(sp)
     f94:	c02a                	sw	a0,0(sp)
     f96:	8b09                	andi	a4,a4,2
     f98:	842e                	mv	s0,a1
     f9a:	cf01                	beqz	a4,fb2 <__smakebuf_r+0x28>
     f9c:	04740713          	addi	a4,s0,71
     fa0:	c018                	sw	a4,0(s0)
     fa2:	c818                	sw	a4,16(s0)
     fa4:	4705                	li	a4,1
     fa6:	c858                	sw	a4,20(s0)
     fa8:	40e2                	lw	ra,24(sp)
     faa:	4452                	lw	s0,20(sp)
     fac:	44c2                	lw	s1,16(sp)
     fae:	0171                	addi	sp,sp,28
     fb0:	8082                	ret
     fb2:	0074                	addi	a3,sp,12
     fb4:	0030                	addi	a2,sp,8
     fb6:	3f9d                	jal	f2c <__swhatbuf_r>
     fb8:	45a2                	lw	a1,8(sp)
     fba:	84aa                	mv	s1,a0
     fbc:	4502                	lw	a0,0(sp)
     fbe:	c22e                	sw	a1,4(sp)
     fc0:	2a3d                	jal	10fe <_malloc_r>
     fc2:	4592                	lw	a1,4(sp)
     fc4:	e919                	bnez	a0,fda <__smakebuf_r+0x50>
     fc6:	00c41703          	lh	a4,12(s0)
     fca:	20077693          	andi	a3,a4,512
     fce:	fee9                	bnez	a3,fa8 <__smakebuf_r+0x1e>
     fd0:	9b71                	andi	a4,a4,-4
     fd2:	00276713          	ori	a4,a4,2
     fd6:	a45a                	sh	a4,12(s0)
     fd8:	b7d1                	j	f9c <__smakebuf_r+0x12>
     fda:	4782                	lw	a5,0(sp)
     fdc:	00000717          	auipc	a4,0x0
     fe0:	d7a70713          	addi	a4,a4,-646 # d56 <_cleanup_r>
     fe4:	d798                	sw	a4,40(a5)
     fe6:	245a                	lhu	a4,12(s0)
     fe8:	c008                	sw	a0,0(s0)
     fea:	c808                	sw	a0,16(s0)
     fec:	08076713          	ori	a4,a4,128
     ff0:	a45a                	sh	a4,12(s0)
     ff2:	4732                	lw	a4,12(sp)
     ff4:	c84c                	sw	a1,20(s0)
     ff6:	cb19                	beqz	a4,100c <__smakebuf_r+0x82>
     ff8:	00e41583          	lh	a1,14(s0)
     ffc:	853e                	mv	a0,a5
     ffe:	2da5                	jal	1676 <_isatty_r>
    1000:	c511                	beqz	a0,100c <__smakebuf_r+0x82>
    1002:	245a                	lhu	a4,12(s0)
    1004:	9b71                	andi	a4,a4,-4
    1006:	00176713          	ori	a4,a4,1
    100a:	a45a                	sh	a4,12(s0)
    100c:	245a                	lhu	a4,12(s0)
    100e:	8f45                	or	a4,a4,s1
    1010:	a45a                	sh	a4,12(s0)
    1012:	bf59                	j	fa8 <__smakebuf_r+0x1e>

00001014 <_free_r>:
    1014:	cdd1                	beqz	a1,10b0 <_free_r+0x9c>
    1016:	ffc5a783          	lw	a5,-4(a1)
    101a:	1141                	addi	sp,sp,-16
    101c:	c422                	sw	s0,8(sp)
    101e:	c606                	sw	ra,12(sp)
    1020:	ffc58413          	addi	s0,a1,-4
    1024:	0007d363          	bgez	a5,102a <_free_r+0x16>
    1028:	943e                	add	s0,s0,a5
    102a:	c02a                	sw	a0,0(sp)
    102c:	2d4d                	jal	16de <__malloc_lock>
    102e:	81c18713          	addi	a4,gp,-2020 # 200000bc <__malloc_free_list>
    1032:	431c                	lw	a5,0(a4)
    1034:	4502                	lw	a0,0(sp)
    1036:	eb81                	bnez	a5,1046 <_free_r+0x32>
    1038:	00042223          	sw	zero,4(s0)
    103c:	c300                	sw	s0,0(a4)
    103e:	4422                	lw	s0,8(sp)
    1040:	40b2                	lw	ra,12(sp)
    1042:	0141                	addi	sp,sp,16
    1044:	a54d                	j	16e6 <__malloc_unlock>
    1046:	00f47d63          	bgeu	s0,a5,1060 <_free_r+0x4c>
    104a:	4010                	lw	a2,0(s0)
    104c:	00c406b3          	add	a3,s0,a2
    1050:	00d79663          	bne	a5,a3,105c <_free_r+0x48>
    1054:	4394                	lw	a3,0(a5)
    1056:	43dc                	lw	a5,4(a5)
    1058:	96b2                	add	a3,a3,a2
    105a:	c014                	sw	a3,0(s0)
    105c:	c05c                	sw	a5,4(s0)
    105e:	bff9                	j	103c <_free_r+0x28>
    1060:	873e                	mv	a4,a5
    1062:	43dc                	lw	a5,4(a5)
    1064:	c399                	beqz	a5,106a <_free_r+0x56>
    1066:	fef47de3          	bgeu	s0,a5,1060 <_free_r+0x4c>
    106a:	4314                	lw	a3,0(a4)
    106c:	00d70633          	add	a2,a4,a3
    1070:	00861f63          	bne	a2,s0,108e <_free_r+0x7a>
    1074:	4010                	lw	a2,0(s0)
    1076:	96b2                	add	a3,a3,a2
    1078:	c314                	sw	a3,0(a4)
    107a:	00d70633          	add	a2,a4,a3
    107e:	fcc790e3          	bne	a5,a2,103e <_free_r+0x2a>
    1082:	4390                	lw	a2,0(a5)
    1084:	43dc                	lw	a5,4(a5)
    1086:	96b2                	add	a3,a3,a2
    1088:	c314                	sw	a3,0(a4)
    108a:	c35c                	sw	a5,4(a4)
    108c:	bf4d                	j	103e <_free_r+0x2a>
    108e:	00c47563          	bgeu	s0,a2,1098 <_free_r+0x84>
    1092:	47b1                	li	a5,12
    1094:	c11c                	sw	a5,0(a0)
    1096:	b765                	j	103e <_free_r+0x2a>
    1098:	4010                	lw	a2,0(s0)
    109a:	00c406b3          	add	a3,s0,a2
    109e:	00d79663          	bne	a5,a3,10aa <_free_r+0x96>
    10a2:	4394                	lw	a3,0(a5)
    10a4:	43dc                	lw	a5,4(a5)
    10a6:	96b2                	add	a3,a3,a2
    10a8:	c014                	sw	a3,0(s0)
    10aa:	c05c                	sw	a5,4(s0)
    10ac:	c340                	sw	s0,4(a4)
    10ae:	bf41                	j	103e <_free_r+0x2a>
    10b0:	8082                	ret

000010b2 <sbrk_aligned>:
    10b2:	1141                	addi	sp,sp,-16
    10b4:	c226                	sw	s1,4(sp)
    10b6:	81818493          	addi	s1,gp,-2024 # 200000b8 <__malloc_sbrk_start>
    10ba:	4098                	lw	a4,0(s1)
    10bc:	c422                	sw	s0,8(sp)
    10be:	c606                	sw	ra,12(sp)
    10c0:	c02a                	sw	a0,0(sp)
    10c2:	842e                	mv	s0,a1
    10c4:	e701                	bnez	a4,10cc <sbrk_aligned+0x1a>
    10c6:	4581                	li	a1,0
    10c8:	21ad                	jal	1532 <_sbrk_r>
    10ca:	c088                	sw	a0,0(s1)
    10cc:	4502                	lw	a0,0(sp)
    10ce:	85a2                	mv	a1,s0
    10d0:	54fd                	li	s1,-1
    10d2:	2185                	jal	1532 <_sbrk_r>
    10d4:	00951963          	bne	a0,s1,10e6 <sbrk_aligned+0x34>
    10d8:	547d                	li	s0,-1
    10da:	40b2                	lw	ra,12(sp)
    10dc:	8522                	mv	a0,s0
    10de:	4422                	lw	s0,8(sp)
    10e0:	4492                	lw	s1,4(sp)
    10e2:	0141                	addi	sp,sp,16
    10e4:	8082                	ret
    10e6:	00350413          	addi	s0,a0,3
    10ea:	9871                	andi	s0,s0,-4
    10ec:	fe8507e3          	beq	a0,s0,10da <sbrk_aligned+0x28>
    10f0:	40a405b3          	sub	a1,s0,a0
    10f4:	4502                	lw	a0,0(sp)
    10f6:	2935                	jal	1532 <_sbrk_r>
    10f8:	fe9511e3          	bne	a0,s1,10da <sbrk_aligned+0x28>
    10fc:	bff1                	j	10d8 <sbrk_aligned+0x26>

000010fe <_malloc_r>:
    10fe:	00358793          	addi	a5,a1,3
    1102:	1131                	addi	sp,sp,-20
    1104:	9bf1                	andi	a5,a5,-4
    1106:	c426                	sw	s1,8(sp)
    1108:	c806                	sw	ra,16(sp)
    110a:	c622                	sw	s0,12(sp)
    110c:	c02a                	sw	a0,0(sp)
    110e:	00878493          	addi	s1,a5,8 # f008 <__fsymtab_end+0xd3c0>
    1112:	4731                	li	a4,12
    1114:	06e4f863          	bgeu	s1,a4,1184 <_malloc_r+0x86>
    1118:	44b1                	li	s1,12
    111a:	06b4e763          	bltu	s1,a1,1188 <_malloc_r+0x8a>
    111e:	4502                	lw	a0,0(sp)
    1120:	2b7d                	jal	16de <__malloc_lock>
    1122:	81c18313          	addi	t1,gp,-2020 # 200000bc <__malloc_free_list>
    1126:	00032703          	lw	a4,0(t1)
    112a:	843a                	mv	s0,a4
    112c:	e43d                	bnez	s0,119a <_malloc_r+0x9c>
    112e:	4502                	lw	a0,0(sp)
    1130:	85a6                	mv	a1,s1
    1132:	3741                	jal	10b2 <sbrk_aligned>
    1134:	577d                	li	a4,-1
    1136:	842a                	mv	s0,a0
    1138:	81c18313          	addi	t1,gp,-2020 # 200000bc <__malloc_free_list>
    113c:	0ce51563          	bne	a0,a4,1206 <_malloc_r+0x108>
    1140:	00032403          	lw	s0,0(t1)
    1144:	8722                	mv	a4,s0
    1146:	e75d                	bnez	a4,11f4 <_malloc_r+0xf6>
    1148:	4018                	lw	a4,0(s0)
    114a:	4502                	lw	a0,0(sp)
    114c:	4581                	li	a1,0
    114e:	9722                	add	a4,a4,s0
    1150:	c23a                	sw	a4,4(sp)
    1152:	26c5                	jal	1532 <_sbrk_r>
    1154:	4712                	lw	a4,4(sp)
    1156:	0aa71263          	bne	a4,a0,11fa <_malloc_r+0xfc>
    115a:	401c                	lw	a5,0(s0)
    115c:	00348593          	addi	a1,s1,3
    1160:	8d9d                	sub	a1,a1,a5
    1162:	99f1                	andi	a1,a1,-4
    1164:	00858493          	addi	s1,a1,8
    1168:	47b1                	li	a5,12
    116a:	00f4f363          	bgeu	s1,a5,1170 <_malloc_r+0x72>
    116e:	44b1                	li	s1,12
    1170:	4502                	lw	a0,0(sp)
    1172:	85a6                	mv	a1,s1
    1174:	3f3d                	jal	10b2 <sbrk_aligned>
    1176:	57fd                	li	a5,-1
    1178:	08f50163          	beq	a0,a5,11fa <_malloc_r+0xfc>
    117c:	401c                	lw	a5,0(s0)
    117e:	97a6                	add	a5,a5,s1
    1180:	c01c                	sw	a5,0(s0)
    1182:	a82d                	j	11bc <_malloc_r+0xbe>
    1184:	f804dbe3          	bgez	s1,111a <_malloc_r+0x1c>
    1188:	4702                	lw	a4,0(sp)
    118a:	47b1                	li	a5,12
    118c:	c31c                	sw	a5,0(a4)
    118e:	4501                	li	a0,0
    1190:	40c2                	lw	ra,16(sp)
    1192:	4432                	lw	s0,12(sp)
    1194:	44a2                	lw	s1,8(sp)
    1196:	0151                	addi	sp,sp,20
    1198:	8082                	ret
    119a:	4010                	lw	a2,0(s0)
    119c:	8e05                	sub	a2,a2,s1
    119e:	04064863          	bltz	a2,11ee <_malloc_r+0xf0>
    11a2:	46ad                	li	a3,11
    11a4:	02c6fd63          	bgeu	a3,a2,11de <_malloc_r+0xe0>
    11a8:	c004                	sw	s1,0(s0)
    11aa:	009406b3          	add	a3,s0,s1
    11ae:	02871663          	bne	a4,s0,11da <_malloc_r+0xdc>
    11b2:	00d32023          	sw	a3,0(t1)
    11b6:	405c                	lw	a5,4(s0)
    11b8:	c290                	sw	a2,0(a3)
    11ba:	c2dc                	sw	a5,4(a3)
    11bc:	4502                	lw	a0,0(sp)
    11be:	2325                	jal	16e6 <__malloc_unlock>
    11c0:	00b40513          	addi	a0,s0,11
    11c4:	00440793          	addi	a5,s0,4
    11c8:	9961                	andi	a0,a0,-8
    11ca:	40f50733          	sub	a4,a0,a5
    11ce:	fcf501e3          	beq	a0,a5,1190 <_malloc_r+0x92>
    11d2:	943a                	add	s0,s0,a4
    11d4:	8f89                	sub	a5,a5,a0
    11d6:	c01c                	sw	a5,0(s0)
    11d8:	bf65                	j	1190 <_malloc_r+0x92>
    11da:	c354                	sw	a3,4(a4)
    11dc:	bfe9                	j	11b6 <_malloc_r+0xb8>
    11de:	405c                	lw	a5,4(s0)
    11e0:	00871563          	bne	a4,s0,11ea <_malloc_r+0xec>
    11e4:	00f32023          	sw	a5,0(t1)
    11e8:	bfd1                	j	11bc <_malloc_r+0xbe>
    11ea:	c35c                	sw	a5,4(a4)
    11ec:	bfc1                	j	11bc <_malloc_r+0xbe>
    11ee:	8722                	mv	a4,s0
    11f0:	4040                	lw	s0,4(s0)
    11f2:	bf2d                	j	112c <_malloc_r+0x2e>
    11f4:	843a                	mv	s0,a4
    11f6:	4358                	lw	a4,4(a4)
    11f8:	b7b9                	j	1146 <_malloc_r+0x48>
    11fa:	4702                	lw	a4,0(sp)
    11fc:	47b1                	li	a5,12
    11fe:	c31c                	sw	a5,0(a4)
    1200:	853a                	mv	a0,a4
    1202:	21d5                	jal	16e6 <__malloc_unlock>
    1204:	b769                	j	118e <_malloc_r+0x90>
    1206:	c104                	sw	s1,0(a0)
    1208:	bf55                	j	11bc <_malloc_r+0xbe>

0000120a <__sfputc_r>:
    120a:	461c                	lw	a5,8(a2)
    120c:	17fd                	addi	a5,a5,-1
    120e:	c61c                	sw	a5,8(a2)
    1210:	0007da63          	bgez	a5,1224 <__sfputc_r+0x1a>
    1214:	4e18                	lw	a4,24(a2)
    1216:	00e7c563          	blt	a5,a4,1220 <__sfputc_r+0x16>
    121a:	47a9                	li	a5,10
    121c:	00f59463          	bne	a1,a5,1224 <__sfputc_r+0x1a>
    1220:	f70ff06f          	j	990 <__swbuf_r>
    1224:	421c                	lw	a5,0(a2)
    1226:	852e                	mv	a0,a1
    1228:	00178713          	addi	a4,a5,1
    122c:	c218                	sw	a4,0(a2)
    122e:	a38c                	sb	a1,0(a5)
    1230:	8082                	ret

00001232 <__sfputs_r>:
    1232:	1131                	addi	sp,sp,-20
    1234:	c622                	sw	s0,12(sp)
    1236:	c426                	sw	s1,8(sp)
    1238:	c806                	sw	ra,16(sp)
    123a:	c02a                	sw	a0,0(sp)
    123c:	c22e                	sw	a1,4(sp)
    123e:	84b2                	mv	s1,a2
    1240:	00d60433          	add	s0,a2,a3
    1244:	00849463          	bne	s1,s0,124c <__sfputs_r+0x1a>
    1248:	4501                	li	a0,0
    124a:	a809                	j	125c <__sfputs_r+0x2a>
    124c:	208c                	lbu	a1,0(s1)
    124e:	4612                	lw	a2,4(sp)
    1250:	4502                	lw	a0,0(sp)
    1252:	0485                	addi	s1,s1,1
    1254:	3f5d                	jal	120a <__sfputc_r>
    1256:	577d                	li	a4,-1
    1258:	fee516e3          	bne	a0,a4,1244 <__sfputs_r+0x12>
    125c:	40c2                	lw	ra,16(sp)
    125e:	4432                	lw	s0,12(sp)
    1260:	44a2                	lw	s1,8(sp)
    1262:	0151                	addi	sp,sp,20
    1264:	8082                	ret

00001266 <_vfiprintf_r>:
    1266:	f7810113          	addi	sp,sp,-136
    126a:	c122                	sw	s0,128(sp)
    126c:	dea6                	sw	s1,124(sp)
    126e:	01f10793          	addi	a5,sp,31
    1272:	c306                	sw	ra,132(sp)
    1274:	c02a                	sw	a0,0(sp)
    1276:	c232                	sw	a2,4(sp)
    1278:	c636                	sw	a3,12(sp)
    127a:	84ae                	mv	s1,a1
    127c:	ff87f413          	andi	s0,a5,-8
    1280:	c501                	beqz	a0,1288 <_vfiprintf_r+0x22>
    1282:	4d18                	lw	a4,24(a0)
    1284:	e311                	bnez	a4,1288 <_vfiprintf_r+0x22>
    1286:	3e25                	jal	dbe <__sinit>
    1288:	00001717          	auipc	a4,0x1
    128c:	90c70713          	addi	a4,a4,-1780 # 1b94 <__sf_fake_stdin>
    1290:	04e49163          	bne	s1,a4,12d2 <_vfiprintf_r+0x6c>
    1294:	4782                	lw	a5,0(sp)
    1296:	43c4                	lw	s1,4(a5)
    1298:	50f8                	lw	a4,100(s1)
    129a:	8b05                	andi	a4,a4,1
    129c:	e719                	bnez	a4,12aa <_vfiprintf_r+0x44>
    129e:	24da                	lhu	a4,12(s1)
    12a0:	20077713          	andi	a4,a4,512
    12a4:	e319                	bnez	a4,12aa <_vfiprintf_r+0x44>
    12a6:	4ca8                	lw	a0,88(s1)
    12a8:	3141                	jal	f28 <__retarget_lock_acquire_recursive>
    12aa:	24da                	lhu	a4,12(s1)
    12ac:	8b21                	andi	a4,a4,8
    12ae:	c319                	beqz	a4,12b4 <_vfiprintf_r+0x4e>
    12b0:	4898                	lw	a4,16(s1)
    12b2:	eb29                	bnez	a4,1304 <_vfiprintf_r+0x9e>
    12b4:	4502                	lw	a0,0(sp)
    12b6:	85a6                	mv	a1,s1
    12b8:	f9aff0ef          	jal	ra,a52 <__swsetup_r>
    12bc:	c521                	beqz	a0,1304 <_vfiprintf_r+0x9e>
    12be:	50fc                	lw	a5,100(s1)
    12c0:	8b85                	andi	a5,a5,1
    12c2:	cb95                	beqz	a5,12f6 <_vfiprintf_r+0x90>
    12c4:	557d                	li	a0,-1
    12c6:	409a                	lw	ra,132(sp)
    12c8:	440a                	lw	s0,128(sp)
    12ca:	54f6                	lw	s1,124(sp)
    12cc:	08810113          	addi	sp,sp,136
    12d0:	8082                	ret
    12d2:	00001717          	auipc	a4,0x1
    12d6:	8a270713          	addi	a4,a4,-1886 # 1b74 <__sf_fake_stdout>
    12da:	00e49563          	bne	s1,a4,12e4 <_vfiprintf_r+0x7e>
    12de:	4782                	lw	a5,0(sp)
    12e0:	4784                	lw	s1,8(a5)
    12e2:	bf5d                	j	1298 <_vfiprintf_r+0x32>
    12e4:	00001717          	auipc	a4,0x1
    12e8:	87070713          	addi	a4,a4,-1936 # 1b54 <__sf_fake_stderr>
    12ec:	fae496e3          	bne	s1,a4,1298 <_vfiprintf_r+0x32>
    12f0:	4782                	lw	a5,0(sp)
    12f2:	47c4                	lw	s1,12(a5)
    12f4:	b755                	j	1298 <_vfiprintf_r+0x32>
    12f6:	24de                	lhu	a5,12(s1)
    12f8:	2007f793          	andi	a5,a5,512
    12fc:	f7e1                	bnez	a5,12c4 <_vfiprintf_r+0x5e>
    12fe:	4ca8                	lw	a0,88(s1)
    1300:	312d                	jal	f2a <__retarget_lock_release_recursive>
    1302:	b7c9                	j	12c4 <_vfiprintf_r+0x5e>
    1304:	47b2                	lw	a5,12(sp)
    1306:	02000713          	li	a4,32
    130a:	bc18                	sb	a4,25(s0)
    130c:	03000713          	li	a4,48
    1310:	00042a23          	sw	zero,20(s0)
    1314:	ac38                	sb	a4,26(s0)
    1316:	ca3e                	sw	a5,20(sp)
    1318:	4792                	lw	a5,4(sp)
    131a:	02500613          	li	a2,37
    131e:	2394                	lbu	a3,0(a5)
    1320:	c299                	beqz	a3,1326 <_vfiprintf_r+0xc0>
    1322:	0ac69463          	bne	a3,a2,13ca <_vfiprintf_r+0x164>
    1326:	4712                	lw	a4,4(sp)
    1328:	40e786b3          	sub	a3,a5,a4
    132c:	02e78063          	beq	a5,a4,134c <_vfiprintf_r+0xe6>
    1330:	4502                	lw	a0,0(sp)
    1332:	863a                	mv	a2,a4
    1334:	85a6                	mv	a1,s1
    1336:	c83e                	sw	a5,16(sp)
    1338:	c636                	sw	a3,12(sp)
    133a:	3de5                	jal	1232 <__sfputs_r>
    133c:	567d                	li	a2,-1
    133e:	1ac50f63          	beq	a0,a2,14fc <_vfiprintf_r+0x296>
    1342:	4850                	lw	a2,20(s0)
    1344:	46b2                	lw	a3,12(sp)
    1346:	47c2                	lw	a5,16(sp)
    1348:	9636                	add	a2,a2,a3
    134a:	c850                	sw	a2,20(s0)
    134c:	2394                	lbu	a3,0(a5)
    134e:	1a068763          	beqz	a3,14fc <_vfiprintf_r+0x296>
    1352:	577d                	li	a4,-1
    1354:	0785                	addi	a5,a5,1
    1356:	00042023          	sw	zero,0(s0)
    135a:	00042623          	sw	zero,12(s0)
    135e:	c058                	sw	a4,4(s0)
    1360:	00042423          	sw	zero,8(s0)
    1364:	040401a3          	sb	zero,67(s0)
    1368:	04042c23          	sw	zero,88(s0)
    136c:	238c                	lbu	a1,0(a5)
    136e:	4615                	li	a2,5
    1370:	00001517          	auipc	a0,0x1
    1374:	84450513          	addi	a0,a0,-1980 # 1bb4 <__sf_fake_stdin+0x20>
    1378:	c23e                	sw	a5,4(sp)
    137a:	26b1                	jal	16c6 <memchr>
    137c:	4792                	lw	a5,4(sp)
    137e:	4014                	lw	a3,0(s0)
    1380:	00178713          	addi	a4,a5,1
    1384:	e529                	bnez	a0,13ce <_vfiprintf_r+0x168>
    1386:	0106f613          	andi	a2,a3,16
    138a:	c609                	beqz	a2,1394 <_vfiprintf_r+0x12e>
    138c:	02000613          	li	a2,32
    1390:	04c401a3          	sb	a2,67(s0)
    1394:	0086f613          	andi	a2,a3,8
    1398:	c609                	beqz	a2,13a2 <_vfiprintf_r+0x13c>
    139a:	02b00613          	li	a2,43
    139e:	04c401a3          	sb	a2,67(s0)
    13a2:	238c                	lbu	a1,0(a5)
    13a4:	02a00613          	li	a2,42
    13a8:	02c58f63          	beq	a1,a2,13e6 <_vfiprintf_r+0x180>
    13ac:	4454                	lw	a3,12(s0)
    13ae:	873e                	mv	a4,a5
    13b0:	4281                	li	t0,0
    13b2:	45a5                	li	a1,9
    13b4:	2310                	lbu	a2,0(a4)
    13b6:	00170513          	addi	a0,a4,1
    13ba:	fd060613          	addi	a2,a2,-48
    13be:	06c5f863          	bgeu	a1,a2,142e <_vfiprintf_r+0x1c8>
    13c2:	02028a63          	beqz	t0,13f6 <_vfiprintf_r+0x190>
    13c6:	c454                	sw	a3,12(s0)
    13c8:	a03d                	j	13f6 <_vfiprintf_r+0x190>
    13ca:	0785                	addi	a5,a5,1
    13cc:	bf89                	j	131e <_vfiprintf_r+0xb8>
    13ce:	00000617          	auipc	a2,0x0
    13d2:	7e660613          	addi	a2,a2,2022 # 1bb4 <__sf_fake_stdin+0x20>
    13d6:	8d11                	sub	a0,a0,a2
    13d8:	4605                	li	a2,1
    13da:	00a61633          	sll	a2,a2,a0
    13de:	8ed1                	or	a3,a3,a2
    13e0:	c014                	sw	a3,0(s0)
    13e2:	87ba                	mv	a5,a4
    13e4:	b761                	j	136c <_vfiprintf_r+0x106>
    13e6:	4652                	lw	a2,20(sp)
    13e8:	00460593          	addi	a1,a2,4
    13ec:	4210                	lw	a2,0(a2)
    13ee:	ca2e                	sw	a1,20(sp)
    13f0:	02064863          	bltz	a2,1420 <_vfiprintf_r+0x1ba>
    13f4:	c450                	sw	a2,12(s0)
    13f6:	2310                	lbu	a2,0(a4)
    13f8:	02e00693          	li	a3,46
    13fc:	06d61163          	bne	a2,a3,145e <_vfiprintf_r+0x1f8>
    1400:	3310                	lbu	a2,1(a4)
    1402:	02a00693          	li	a3,42
    1406:	02d61d63          	bne	a2,a3,1440 <_vfiprintf_r+0x1da>
    140a:	46d2                	lw	a3,20(sp)
    140c:	0709                	addi	a4,a4,2
    140e:	00468613          	addi	a2,a3,4 # 1004 <__smakebuf_r+0x7a>
    1412:	4294                	lw	a3,0(a3)
    1414:	ca32                	sw	a2,20(sp)
    1416:	0006d363          	bgez	a3,141c <_vfiprintf_r+0x1b6>
    141a:	56fd                	li	a3,-1
    141c:	c054                	sw	a3,4(s0)
    141e:	a081                	j	145e <_vfiprintf_r+0x1f8>
    1420:	40c00633          	neg	a2,a2
    1424:	0026e693          	ori	a3,a3,2
    1428:	c450                	sw	a2,12(s0)
    142a:	c014                	sw	a3,0(s0)
    142c:	b7e9                	j	13f6 <_vfiprintf_r+0x190>
    142e:	00269713          	slli	a4,a3,0x2
    1432:	9736                	add	a4,a4,a3
    1434:	0706                	slli	a4,a4,0x1
    1436:	00c706b3          	add	a3,a4,a2
    143a:	4285                	li	t0,1
    143c:	872a                	mv	a4,a0
    143e:	bf9d                	j	13b4 <_vfiprintf_r+0x14e>
    1440:	0705                	addi	a4,a4,1
    1442:	00042223          	sw	zero,4(s0)
    1446:	4281                	li	t0,0
    1448:	4681                	li	a3,0
    144a:	45a5                	li	a1,9
    144c:	2310                	lbu	a2,0(a4)
    144e:	00170513          	addi	a0,a4,1
    1452:	fd060613          	addi	a2,a2,-48
    1456:	06c5f963          	bgeu	a1,a2,14c8 <_vfiprintf_r+0x262>
    145a:	fc0291e3          	bnez	t0,141c <_vfiprintf_r+0x1b6>
    145e:	230c                	lbu	a1,0(a4)
    1460:	460d                	li	a2,3
    1462:	00000517          	auipc	a0,0x0
    1466:	75a50513          	addi	a0,a0,1882 # 1bbc <__sf_fake_stdin+0x28>
    146a:	c23a                	sw	a4,4(sp)
    146c:	2ca9                	jal	16c6 <memchr>
    146e:	4712                	lw	a4,4(sp)
    1470:	cd11                	beqz	a0,148c <_vfiprintf_r+0x226>
    1472:	00000697          	auipc	a3,0x0
    1476:	74a68693          	addi	a3,a3,1866 # 1bbc <__sf_fake_stdin+0x28>
    147a:	8d15                	sub	a0,a0,a3
    147c:	4014                	lw	a3,0(s0)
    147e:	04000613          	li	a2,64
    1482:	00a61633          	sll	a2,a2,a0
    1486:	8ed1                	or	a3,a3,a2
    1488:	0705                	addi	a4,a4,1
    148a:	c014                	sw	a3,0(s0)
    148c:	230c                	lbu	a1,0(a4)
    148e:	00170793          	addi	a5,a4,1
    1492:	4619                	li	a2,6
    1494:	00000517          	auipc	a0,0x0
    1498:	72c50513          	addi	a0,a0,1836 # 1bc0 <__sf_fake_stdin+0x2c>
    149c:	c23e                	sw	a5,4(sp)
    149e:	ac0c                	sb	a1,24(s0)
    14a0:	241d                	jal	16c6 <memchr>
    14a2:	cd35                	beqz	a0,151e <_vfiprintf_r+0x2b8>
    14a4:	00000713          	li	a4,0
    14a8:	eb0d                	bnez	a4,14da <_vfiprintf_r+0x274>
    14aa:	4018                	lw	a4,0(s0)
    14ac:	4652                	lw	a2,20(sp)
    14ae:	10077713          	andi	a4,a4,256
    14b2:	00860693          	addi	a3,a2,8
    14b6:	c319                	beqz	a4,14bc <_vfiprintf_r+0x256>
    14b8:	00460693          	addi	a3,a2,4
    14bc:	ca36                	sw	a3,20(sp)
    14be:	4858                	lw	a4,20(s0)
    14c0:	47a2                	lw	a5,8(sp)
    14c2:	973e                	add	a4,a4,a5
    14c4:	c858                	sw	a4,20(s0)
    14c6:	bd89                	j	1318 <_vfiprintf_r+0xb2>
    14c8:	00269713          	slli	a4,a3,0x2
    14cc:	9736                	add	a4,a4,a3
    14ce:	0706                	slli	a4,a4,0x1
    14d0:	00c706b3          	add	a3,a4,a2
    14d4:	4285                	li	t0,1
    14d6:	872a                	mv	a4,a0
    14d8:	bf95                	j	144c <_vfiprintf_r+0x1e6>
    14da:	4502                	lw	a0,0(sp)
    14dc:	0858                	addi	a4,sp,20
    14de:	00000697          	auipc	a3,0x0
    14e2:	d5468693          	addi	a3,a3,-684 # 1232 <__sfputs_r>
    14e6:	8626                	mv	a2,s1
    14e8:	85a2                	mv	a1,s0
    14ea:	00000097          	auipc	ra,0x0
    14ee:	000000e7          	jalr	zero # 0 <_sinit>
    14f2:	c42a                	sw	a0,8(sp)
    14f4:	47a2                	lw	a5,8(sp)
    14f6:	577d                	li	a4,-1
    14f8:	fce793e3          	bne	a5,a4,14be <_vfiprintf_r+0x258>
    14fc:	50f8                	lw	a4,100(s1)
    14fe:	8b05                	andi	a4,a4,1
    1500:	eb01                	bnez	a4,1510 <_vfiprintf_r+0x2aa>
    1502:	24da                	lhu	a4,12(s1)
    1504:	20077713          	andi	a4,a4,512
    1508:	e701                	bnez	a4,1510 <_vfiprintf_r+0x2aa>
    150a:	4ca8                	lw	a0,88(s1)
    150c:	a1fff0ef          	jal	ra,f2a <__retarget_lock_release_recursive>
    1510:	24da                	lhu	a4,12(s1)
    1512:	04077713          	andi	a4,a4,64
    1516:	da0717e3          	bnez	a4,12c4 <_vfiprintf_r+0x5e>
    151a:	4848                	lw	a0,20(s0)
    151c:	b36d                	j	12c6 <_vfiprintf_r+0x60>
    151e:	4502                	lw	a0,0(sp)
    1520:	0858                	addi	a4,sp,20
    1522:	00000697          	auipc	a3,0x0
    1526:	d1068693          	addi	a3,a3,-752 # 1232 <__sfputs_r>
    152a:	8626                	mv	a2,s1
    152c:	85a2                	mv	a1,s0
    152e:	24c1                	jal	17ee <_printf_i>
    1530:	b7c9                	j	14f2 <_vfiprintf_r+0x28c>

00001532 <_sbrk_r>:
    1532:	1151                	addi	sp,sp,-12
    1534:	c222                	sw	s0,4(sp)
    1536:	842a                	mv	s0,a0
    1538:	852e                	mv	a0,a1
    153a:	8201a023          	sw	zero,-2016(gp) # 200000c0 <errno>
    153e:	c406                	sw	ra,8(sp)
    1540:	f1bfe0ef          	jal	ra,45a <_sbrk>
    1544:	57fd                	li	a5,-1
    1546:	00f51663          	bne	a0,a5,1552 <_sbrk_r+0x20>
    154a:	8201a783          	lw	a5,-2016(gp) # 200000c0 <errno>
    154e:	c391                	beqz	a5,1552 <_sbrk_r+0x20>
    1550:	c01c                	sw	a5,0(s0)
    1552:	40a2                	lw	ra,8(sp)
    1554:	4412                	lw	s0,4(sp)
    1556:	0131                	addi	sp,sp,12
    1558:	8082                	ret

0000155a <__sread>:
    155a:	1151                	addi	sp,sp,-12
    155c:	c222                	sw	s0,4(sp)
    155e:	842e                	mv	s0,a1
    1560:	00e59583          	lh	a1,14(a1)
    1564:	c406                	sw	ra,8(sp)
    1566:	2b0d                	jal	1a98 <_read_r>
    1568:	00054963          	bltz	a0,157a <__sread+0x20>
    156c:	487c                	lw	a5,84(s0)
    156e:	97aa                	add	a5,a5,a0
    1570:	c87c                	sw	a5,84(s0)
    1572:	40a2                	lw	ra,8(sp)
    1574:	4412                	lw	s0,4(sp)
    1576:	0131                	addi	sp,sp,12
    1578:	8082                	ret
    157a:	245e                	lhu	a5,12(s0)
    157c:	777d                	lui	a4,0xfffff
    157e:	177d                	addi	a4,a4,-1 # ffffefff <__global_pointer$+0xdfffe75f>
    1580:	8ff9                	and	a5,a5,a4
    1582:	a45e                	sh	a5,12(s0)
    1584:	b7fd                	j	1572 <__sread+0x18>

00001586 <__swrite>:
    1586:	25da                	lhu	a4,12(a1)
    1588:	1131                	addi	sp,sp,-20
    158a:	c622                	sw	s0,12(sp)
    158c:	c426                	sw	s1,8(sp)
    158e:	c806                	sw	ra,16(sp)
    1590:	c02a                	sw	a0,0(sp)
    1592:	c232                	sw	a2,4(sp)
    1594:	10077713          	andi	a4,a4,256
    1598:	842e                	mv	s0,a1
    159a:	84b6                	mv	s1,a3
    159c:	c711                	beqz	a4,15a8 <__swrite+0x22>
    159e:	00e59583          	lh	a1,14(a1)
    15a2:	4689                	li	a3,2
    15a4:	4601                	li	a2,0
    15a6:	28dd                	jal	169c <_lseek_r>
    15a8:	245a                	lhu	a4,12(s0)
    15aa:	76fd                	lui	a3,0xfffff
    15ac:	16fd                	addi	a3,a3,-1 # ffffefff <__global_pointer$+0xdfffe75f>
    15ae:	8f75                	and	a4,a4,a3
    15b0:	00e41583          	lh	a1,14(s0)
    15b4:	a45a                	sh	a4,12(s0)
    15b6:	4432                	lw	s0,12(sp)
    15b8:	4612                	lw	a2,4(sp)
    15ba:	4502                	lw	a0,0(sp)
    15bc:	40c2                	lw	ra,16(sp)
    15be:	86a6                	mv	a3,s1
    15c0:	44a2                	lw	s1,8(sp)
    15c2:	0151                	addi	sp,sp,20
    15c4:	a825                	j	15fc <_write_r>

000015c6 <__sseek>:
    15c6:	1151                	addi	sp,sp,-12
    15c8:	c222                	sw	s0,4(sp)
    15ca:	842e                	mv	s0,a1
    15cc:	00e59583          	lh	a1,14(a1)
    15d0:	c406                	sw	ra,8(sp)
    15d2:	20e9                	jal	169c <_lseek_r>
    15d4:	577d                	li	a4,-1
    15d6:	245e                	lhu	a5,12(s0)
    15d8:	00e51a63          	bne	a0,a4,15ec <__sseek+0x26>
    15dc:	777d                	lui	a4,0xfffff
    15de:	177d                	addi	a4,a4,-1 # ffffefff <__global_pointer$+0xdfffe75f>
    15e0:	8ff9                	and	a5,a5,a4
    15e2:	a45e                	sh	a5,12(s0)
    15e4:	40a2                	lw	ra,8(sp)
    15e6:	4412                	lw	s0,4(sp)
    15e8:	0131                	addi	sp,sp,12
    15ea:	8082                	ret
    15ec:	6705                	lui	a4,0x1
    15ee:	8fd9                	or	a5,a5,a4
    15f0:	a45e                	sh	a5,12(s0)
    15f2:	c868                	sw	a0,84(s0)
    15f4:	bfc5                	j	15e4 <__sseek+0x1e>

000015f6 <__sclose>:
    15f6:	00e59583          	lh	a1,14(a1)
    15fa:	a03d                	j	1628 <_close_r>

000015fc <_write_r>:
    15fc:	1151                	addi	sp,sp,-12
    15fe:	c222                	sw	s0,4(sp)
    1600:	842a                	mv	s0,a0
    1602:	852e                	mv	a0,a1
    1604:	85b2                	mv	a1,a2
    1606:	8636                	mv	a2,a3
    1608:	8201a023          	sw	zero,-2016(gp) # 200000c0 <errno>
    160c:	c406                	sw	ra,8(sp)
    160e:	e09fe0ef          	jal	ra,416 <_write>
    1612:	57fd                	li	a5,-1
    1614:	00f51663          	bne	a0,a5,1620 <_write_r+0x24>
    1618:	8201a783          	lw	a5,-2016(gp) # 200000c0 <errno>
    161c:	c391                	beqz	a5,1620 <_write_r+0x24>
    161e:	c01c                	sw	a5,0(s0)
    1620:	40a2                	lw	ra,8(sp)
    1622:	4412                	lw	s0,4(sp)
    1624:	0131                	addi	sp,sp,12
    1626:	8082                	ret

00001628 <_close_r>:
    1628:	1151                	addi	sp,sp,-12
    162a:	c222                	sw	s0,4(sp)
    162c:	842a                	mv	s0,a0
    162e:	852e                	mv	a0,a1
    1630:	8201a023          	sw	zero,-2016(gp) # 200000c0 <errno>
    1634:	c406                	sw	ra,8(sp)
    1636:	2171                	jal	1ac2 <_close>
    1638:	57fd                	li	a5,-1
    163a:	00f51663          	bne	a0,a5,1646 <_close_r+0x1e>
    163e:	8201a783          	lw	a5,-2016(gp) # 200000c0 <errno>
    1642:	c391                	beqz	a5,1646 <_close_r+0x1e>
    1644:	c01c                	sw	a5,0(s0)
    1646:	40a2                	lw	ra,8(sp)
    1648:	4412                	lw	s0,4(sp)
    164a:	0131                	addi	sp,sp,12
    164c:	8082                	ret

0000164e <_fstat_r>:
    164e:	1151                	addi	sp,sp,-12
    1650:	c222                	sw	s0,4(sp)
    1652:	842a                	mv	s0,a0
    1654:	852e                	mv	a0,a1
    1656:	85b2                	mv	a1,a2
    1658:	8201a023          	sw	zero,-2016(gp) # 200000c0 <errno>
    165c:	c406                	sw	ra,8(sp)
    165e:	2985                	jal	1ace <_fstat>
    1660:	57fd                	li	a5,-1
    1662:	00f51663          	bne	a0,a5,166e <_fstat_r+0x20>
    1666:	8201a783          	lw	a5,-2016(gp) # 200000c0 <errno>
    166a:	c391                	beqz	a5,166e <_fstat_r+0x20>
    166c:	c01c                	sw	a5,0(s0)
    166e:	40a2                	lw	ra,8(sp)
    1670:	4412                	lw	s0,4(sp)
    1672:	0131                	addi	sp,sp,12
    1674:	8082                	ret

00001676 <_isatty_r>:
    1676:	1151                	addi	sp,sp,-12
    1678:	c222                	sw	s0,4(sp)
    167a:	842a                	mv	s0,a0
    167c:	852e                	mv	a0,a1
    167e:	8201a023          	sw	zero,-2016(gp) # 200000c0 <errno>
    1682:	c406                	sw	ra,8(sp)
    1684:	2999                	jal	1ada <_isatty>
    1686:	57fd                	li	a5,-1
    1688:	00f51663          	bne	a0,a5,1694 <_isatty_r+0x1e>
    168c:	8201a783          	lw	a5,-2016(gp) # 200000c0 <errno>
    1690:	c391                	beqz	a5,1694 <_isatty_r+0x1e>
    1692:	c01c                	sw	a5,0(s0)
    1694:	40a2                	lw	ra,8(sp)
    1696:	4412                	lw	s0,4(sp)
    1698:	0131                	addi	sp,sp,12
    169a:	8082                	ret

0000169c <_lseek_r>:
    169c:	1151                	addi	sp,sp,-12
    169e:	c222                	sw	s0,4(sp)
    16a0:	842a                	mv	s0,a0
    16a2:	852e                	mv	a0,a1
    16a4:	85b2                	mv	a1,a2
    16a6:	8636                	mv	a2,a3
    16a8:	8201a023          	sw	zero,-2016(gp) # 200000c0 <errno>
    16ac:	c406                	sw	ra,8(sp)
    16ae:	2925                	jal	1ae6 <_lseek>
    16b0:	57fd                	li	a5,-1
    16b2:	00f51663          	bne	a0,a5,16be <_lseek_r+0x22>
    16b6:	8201a783          	lw	a5,-2016(gp) # 200000c0 <errno>
    16ba:	c391                	beqz	a5,16be <_lseek_r+0x22>
    16bc:	c01c                	sw	a5,0(s0)
    16be:	40a2                	lw	ra,8(sp)
    16c0:	4412                	lw	s0,4(sp)
    16c2:	0131                	addi	sp,sp,12
    16c4:	8082                	ret

000016c6 <memchr>:
    16c6:	0ff5f593          	zext.b	a1,a1
    16ca:	962a                	add	a2,a2,a0
    16cc:	00c51463          	bne	a0,a2,16d4 <memchr+0xe>
    16d0:	4501                	li	a0,0
    16d2:	8082                	ret
    16d4:	211c                	lbu	a5,0(a0)
    16d6:	feb78ee3          	beq	a5,a1,16d2 <memchr+0xc>
    16da:	0505                	addi	a0,a0,1
    16dc:	bfc5                	j	16cc <memchr+0x6>

000016de <__malloc_lock>:
    16de:	80c18513          	addi	a0,gp,-2036 # 200000ac <__lock___malloc_recursive_mutex>
    16e2:	847ff06f          	j	f28 <__retarget_lock_acquire_recursive>

000016e6 <__malloc_unlock>:
    16e6:	80c18513          	addi	a0,gp,-2036 # 200000ac <__lock___malloc_recursive_mutex>
    16ea:	841ff06f          	j	f2a <__retarget_lock_release_recursive>

000016ee <_printf_common>:
    16ee:	1101                	addi	sp,sp,-32
    16f0:	ca26                	sw	s1,20(sp)
    16f2:	c236                	sw	a3,4(sp)
    16f4:	84ba                	mv	s1,a4
    16f6:	4594                	lw	a3,8(a1)
    16f8:	4998                	lw	a4,16(a1)
    16fa:	cc22                	sw	s0,24(sp)
    16fc:	ce06                	sw	ra,28(sp)
    16fe:	c02a                	sw	a0,0(sp)
    1700:	87ae                	mv	a5,a1
    1702:	8432                	mv	s0,a2
    1704:	00d75363          	bge	a4,a3,170a <_printf_common+0x1c>
    1708:	8736                	mv	a4,a3
    170a:	c018                	sw	a4,0(s0)
    170c:	0437c683          	lbu	a3,67(a5)
    1710:	c299                	beqz	a3,1716 <_printf_common+0x28>
    1712:	0705                	addi	a4,a4,1 # 1001 <__smakebuf_r+0x77>
    1714:	c018                	sw	a4,0(s0)
    1716:	4398                	lw	a4,0(a5)
    1718:	02077713          	andi	a4,a4,32
    171c:	c701                	beqz	a4,1724 <_printf_common+0x36>
    171e:	4018                	lw	a4,0(s0)
    1720:	0709                	addi	a4,a4,2
    1722:	c018                	sw	a4,0(s0)
    1724:	4398                	lw	a4,0(a5)
    1726:	01978613          	addi	a2,a5,25
    172a:	8b19                	andi	a4,a4,6
    172c:	cf29                	beqz	a4,1786 <_printf_common+0x98>
    172e:	4398                	lw	a4,0(a5)
    1730:	0437c683          	lbu	a3,67(a5)
    1734:	02077713          	andi	a4,a4,32
    1738:	00d036b3          	snez	a3,a3
    173c:	ef2d                	bnez	a4,17b6 <_printf_common+0xc8>
    173e:	4592                	lw	a1,4(sp)
    1740:	4502                	lw	a0,0(sp)
    1742:	04378613          	addi	a2,a5,67
    1746:	c43e                	sw	a5,8(sp)
    1748:	9482                	jalr	s1
    174a:	577d                	li	a4,-1
    174c:	04e50f63          	beq	a0,a4,17aa <_printf_common+0xbc>
    1750:	47a2                	lw	a5,8(sp)
    1752:	4611                	li	a2,4
    1754:	4701                	li	a4,0
    1756:	4394                	lw	a3,0(a5)
    1758:	8a99                	andi	a3,a3,6
    175a:	00c69863          	bne	a3,a2,176a <_printf_common+0x7c>
    175e:	47d8                	lw	a4,12(a5)
    1760:	4014                	lw	a3,0(s0)
    1762:	8f15                	sub	a4,a4,a3
    1764:	00075363          	bgez	a4,176a <_printf_common+0x7c>
    1768:	4701                	li	a4,0
    176a:	4794                	lw	a3,8(a5)
    176c:	4b90                	lw	a2,16(a5)
    176e:	00d65463          	bge	a2,a3,1776 <_printf_common+0x88>
    1772:	8e91                	sub	a3,a3,a2
    1774:	9736                	add	a4,a4,a3
    1776:	4401                	li	s0,0
    1778:	01a78613          	addi	a2,a5,26
    177c:	04871c63          	bne	a4,s0,17d4 <_printf_common+0xe6>
    1780:	4501                	li	a0,0
    1782:	a02d                	j	17ac <_printf_common+0xbe>
    1784:	0705                	addi	a4,a4,1
    1786:	47d4                	lw	a3,12(a5)
    1788:	400c                	lw	a1,0(s0)
    178a:	8e8d                	sub	a3,a3,a1
    178c:	fad751e3          	bge	a4,a3,172e <_printf_common+0x40>
    1790:	4592                	lw	a1,4(sp)
    1792:	4502                	lw	a0,0(sp)
    1794:	4685                	li	a3,1
    1796:	c83e                	sw	a5,16(sp)
    1798:	c63a                	sw	a4,12(sp)
    179a:	c432                	sw	a2,8(sp)
    179c:	9482                	jalr	s1
    179e:	56fd                	li	a3,-1
    17a0:	4622                	lw	a2,8(sp)
    17a2:	4732                	lw	a4,12(sp)
    17a4:	47c2                	lw	a5,16(sp)
    17a6:	fcd51fe3          	bne	a0,a3,1784 <_printf_common+0x96>
    17aa:	557d                	li	a0,-1
    17ac:	40f2                	lw	ra,28(sp)
    17ae:	4462                	lw	s0,24(sp)
    17b0:	44d2                	lw	s1,20(sp)
    17b2:	6105                	addi	sp,sp,32
    17b4:	8082                	ret
    17b6:	00d78633          	add	a2,a5,a3
    17ba:	03000593          	li	a1,48
    17be:	04b601a3          	sb	a1,67(a2)
    17c2:	0457c603          	lbu	a2,69(a5)
    17c6:	00168713          	addi	a4,a3,1
    17ca:	973e                	add	a4,a4,a5
    17cc:	0689                	addi	a3,a3,2
    17ce:	04c701a3          	sb	a2,67(a4)
    17d2:	b7b5                	j	173e <_printf_common+0x50>
    17d4:	4592                	lw	a1,4(sp)
    17d6:	4502                	lw	a0,0(sp)
    17d8:	4685                	li	a3,1
    17da:	c63a                	sw	a4,12(sp)
    17dc:	c432                	sw	a2,8(sp)
    17de:	9482                	jalr	s1
    17e0:	57fd                	li	a5,-1
    17e2:	fcf504e3          	beq	a0,a5,17aa <_printf_common+0xbc>
    17e6:	4732                	lw	a4,12(sp)
    17e8:	4622                	lw	a2,8(sp)
    17ea:	0405                	addi	s0,s0,1
    17ec:	bf41                	j	177c <_printf_common+0x8e>

000017ee <_printf_i>:
    17ee:	fd410113          	addi	sp,sp,-44
    17f2:	d222                	sw	s0,36(sp)
    17f4:	d406                	sw	ra,40(sp)
    17f6:	d026                	sw	s1,32(sp)
    17f8:	c436                	sw	a3,8(sp)
    17fa:	2d94                	lbu	a3,24(a1)
    17fc:	842e                	mv	s0,a1
    17fe:	c232                	sw	a2,4(sp)
    1800:	c02a                	sw	a0,0(sp)
    1802:	04358613          	addi	a2,a1,67
    1806:	07800593          	li	a1,120
    180a:	02d5e063          	bltu	a1,a3,182a <_printf_i+0x3c>
    180e:	06200593          	li	a1,98
    1812:	02d5e163          	bltu	a1,a3,1834 <_printf_i+0x46>
    1816:	20068363          	beqz	a3,1a1c <_printf_i+0x22e>
    181a:	05800593          	li	a1,88
    181e:	00000297          	auipc	t0,0x0
    1822:	3aa28293          	addi	t0,t0,938 # 1bc8 <__sf_fake_stdin+0x34>
    1826:	16b68a63          	beq	a3,a1,199a <_printf_i+0x1ac>
    182a:	04240493          	addi	s1,s0,66
    182e:	04d40123          	sb	a3,66(s0)
    1832:	a815                	j	1866 <_printf_i+0x78>
    1834:	f9d68593          	addi	a1,a3,-99
    1838:	0ff5f593          	zext.b	a1,a1
    183c:	4555                	li	a0,21
    183e:	feb566e3          	bltu	a0,a1,182a <_printf_i+0x3c>
    1842:	00000517          	auipc	a0,0x0
    1846:	3ae50513          	addi	a0,a0,942 # 1bf0 <__sf_fake_stdin+0x5c>
    184a:	058a                	slli	a1,a1,0x2
    184c:	95aa                	add	a1,a1,a0
    184e:	418c                	lw	a1,0(a1)
    1850:	95aa                	add	a1,a1,a0
    1852:	8582                	jr	a1
    1854:	4314                	lw	a3,0(a4)
    1856:	04240493          	addi	s1,s0,66
    185a:	00468613          	addi	a2,a3,4
    185e:	c310                	sw	a2,0(a4)
    1860:	4298                	lw	a4,0(a3)
    1862:	04e40123          	sb	a4,66(s0)
    1866:	4705                	li	a4,1
    1868:	aad9                	j	1a3e <_printf_i+0x250>
    186a:	4014                	lw	a3,0(s0)
    186c:	00072303          	lw	t1,0(a4)
    1870:	0806f513          	andi	a0,a3,128
    1874:	00430593          	addi	a1,t1,4
    1878:	cd39                	beqz	a0,18d6 <_printf_i+0xe8>
    187a:	00032303          	lw	t1,0(t1)
    187e:	c30c                	sw	a1,0(a4)
    1880:	404c                	lw	a1,4(s0)
    1882:	16035263          	bgez	t1,19e6 <_printf_i+0x1f8>
    1886:	02d00513          	li	a0,45
    188a:	04a401a3          	sb	a0,67(s0)
    188e:	c40c                	sw	a1,8(s0)
    1890:	0405dd63          	bgez	a1,18ea <_printf_i+0xfc>
    1894:	40600333          	neg	t1,t1
    1898:	00000297          	auipc	t0,0x0
    189c:	33028293          	addi	t0,t0,816 # 1bc8 <__sf_fake_stdin+0x34>
    18a0:	45a9                	li	a1,10
    18a2:	84b2                	mv	s1,a2
    18a4:	851a                	mv	a0,t1
    18a6:	cc32                	sw	a2,24(sp)
    18a8:	ca16                	sw	t0,20(sp)
    18aa:	c82e                	sw	a1,16(sp)
    18ac:	c61a                	sw	t1,12(sp)
    18ae:	873fe0ef          	jal	ra,120 <__umodsi3>
    18b2:	42d2                	lw	t0,20(sp)
    18b4:	4332                	lw	t1,12(sp)
    18b6:	45c2                	lw	a1,16(sp)
    18b8:	9516                	add	a0,a0,t0
    18ba:	2114                	lbu	a3,0(a0)
    18bc:	851a                	mv	a0,t1
    18be:	14fd                	addi	s1,s1,-1
    18c0:	a094                	sb	a3,0(s1)
    18c2:	833fe0ef          	jal	ra,f4 <__hidden___udivsi3>
    18c6:	46b2                	lw	a3,12(sp)
    18c8:	45c2                	lw	a1,16(sp)
    18ca:	42d2                	lw	t0,20(sp)
    18cc:	4662                	lw	a2,24(sp)
    18ce:	832a                	mv	t1,a0
    18d0:	fcb6fae3          	bgeu	a3,a1,18a4 <_printf_i+0xb6>
    18d4:	a885                	j	1944 <_printf_i+0x156>
    18d6:	00032303          	lw	t1,0(t1)
    18da:	0406f513          	andi	a0,a3,64
    18de:	c30c                	sw	a1,0(a4)
    18e0:	d145                	beqz	a0,1880 <_printf_i+0x92>
    18e2:	0342                	slli	t1,t1,0x10
    18e4:	41035313          	srai	t1,t1,0x10
    18e8:	bf61                	j	1880 <_printf_i+0x92>
    18ea:	9aed                	andi	a3,a3,-5
    18ec:	c014                	sw	a3,0(s0)
    18ee:	b75d                	j	1894 <_printf_i+0xa6>
    18f0:	4008                	lw	a0,0(s0)
    18f2:	430c                	lw	a1,0(a4)
    18f4:	08057293          	andi	t0,a0,128
    18f8:	00458313          	addi	t1,a1,4
    18fc:	00028763          	beqz	t0,190a <_printf_i+0x11c>
    1900:	00672023          	sw	t1,0(a4)
    1904:	0005a303          	lw	t1,0(a1)
    1908:	a801                	j	1918 <_printf_i+0x12a>
    190a:	04057513          	andi	a0,a0,64
    190e:	00672023          	sw	t1,0(a4)
    1912:	d96d                	beqz	a0,1904 <_printf_i+0x116>
    1914:	0005d303          	lhu	t1,0(a1)
    1918:	06f00593          	li	a1,111
    191c:	00000297          	auipc	t0,0x0
    1920:	2ac28293          	addi	t0,t0,684 # 1bc8 <__sf_fake_stdin+0x34>
    1924:	0ab69f63          	bne	a3,a1,19e2 <_printf_i+0x1f4>
    1928:	45a1                	li	a1,8
    192a:	040401a3          	sb	zero,67(s0)
    192e:	4054                	lw	a3,4(s0)
    1930:	c414                	sw	a3,8(s0)
    1932:	f606c8e3          	bltz	a3,18a2 <_printf_i+0xb4>
    1936:	4008                	lw	a0,0(s0)
    1938:	996d                	andi	a0,a0,-5
    193a:	c008                	sw	a0,0(s0)
    193c:	f60313e3          	bnez	t1,18a2 <_printf_i+0xb4>
    1940:	84b2                	mv	s1,a2
    1942:	f2a5                	bnez	a3,18a2 <_printf_i+0xb4>
    1944:	4721                	li	a4,8
    1946:	00e59e63          	bne	a1,a4,1962 <_printf_i+0x174>
    194a:	4018                	lw	a4,0(s0)
    194c:	8b05                	andi	a4,a4,1
    194e:	cb11                	beqz	a4,1962 <_printf_i+0x174>
    1950:	4054                	lw	a3,4(s0)
    1952:	4818                	lw	a4,16(s0)
    1954:	00d74763          	blt	a4,a3,1962 <_printf_i+0x174>
    1958:	03000713          	li	a4,48
    195c:	fee48fa3          	sb	a4,-1(s1)
    1960:	14fd                	addi	s1,s1,-1
    1962:	8e05                	sub	a2,a2,s1
    1964:	c810                	sw	a2,16(s0)
    1966:	4722                	lw	a4,8(sp)
    1968:	4692                	lw	a3,4(sp)
    196a:	4502                	lw	a0,0(sp)
    196c:	0870                	addi	a2,sp,28
    196e:	85a2                	mv	a1,s0
    1970:	3bbd                	jal	16ee <_printf_common>
    1972:	577d                	li	a4,-1
    1974:	0ce51963          	bne	a0,a4,1a46 <_printf_i+0x258>
    1978:	557d                	li	a0,-1
    197a:	50a2                	lw	ra,40(sp)
    197c:	5412                	lw	s0,36(sp)
    197e:	5482                	lw	s1,32(sp)
    1980:	02c10113          	addi	sp,sp,44
    1984:	8082                	ret
    1986:	4014                	lw	a3,0(s0)
    1988:	0206e693          	ori	a3,a3,32
    198c:	c014                	sw	a3,0(s0)
    198e:	07800693          	li	a3,120
    1992:	00000297          	auipc	t0,0x0
    1996:	24a28293          	addi	t0,t0,586 # 1bdc <__sf_fake_stdin+0x48>
    199a:	04d402a3          	sb	a3,69(s0)
    199e:	4014                	lw	a3,0(s0)
    19a0:	430c                	lw	a1,0(a4)
    19a2:	0806f313          	andi	t1,a3,128
    19a6:	00458513          	addi	a0,a1,4
    19aa:	00030663          	beqz	t1,19b6 <_printf_i+0x1c8>
    19ae:	c308                	sw	a0,0(a4)
    19b0:	0005a303          	lw	t1,0(a1)
    19b4:	a801                	j	19c4 <_printf_i+0x1d6>
    19b6:	0406f313          	andi	t1,a3,64
    19ba:	c308                	sw	a0,0(a4)
    19bc:	fe030ae3          	beqz	t1,19b0 <_printf_i+0x1c2>
    19c0:	0005d303          	lhu	t1,0(a1)
    19c4:	0016f593          	andi	a1,a3,1
    19c8:	c581                	beqz	a1,19d0 <_printf_i+0x1e2>
    19ca:	0206e693          	ori	a3,a3,32
    19ce:	c014                	sw	a3,0(s0)
    19d0:	00030463          	beqz	t1,19d8 <_printf_i+0x1ea>
    19d4:	45c1                	li	a1,16
    19d6:	bf91                	j	192a <_printf_i+0x13c>
    19d8:	4014                	lw	a3,0(s0)
    19da:	fdf6f693          	andi	a3,a3,-33
    19de:	c014                	sw	a3,0(s0)
    19e0:	bfd5                	j	19d4 <_printf_i+0x1e6>
    19e2:	45a9                	li	a1,10
    19e4:	b799                	j	192a <_printf_i+0x13c>
    19e6:	00000297          	auipc	t0,0x0
    19ea:	1e228293          	addi	t0,t0,482 # 1bc8 <__sf_fake_stdin+0x34>
    19ee:	45a9                	li	a1,10
    19f0:	bf3d                	j	192e <_printf_i+0x140>
    19f2:	400c                	lw	a1,0(s0)
    19f4:	4314                	lw	a3,0(a4)
    19f6:	4848                	lw	a0,20(s0)
    19f8:	0805f293          	andi	t0,a1,128
    19fc:	00468313          	addi	t1,a3,4
    1a00:	00028763          	beqz	t0,1a0e <_printf_i+0x220>
    1a04:	00672023          	sw	t1,0(a4)
    1a08:	4298                	lw	a4,0(a3)
    1a0a:	c308                	sw	a0,0(a4)
    1a0c:	a801                	j	1a1c <_printf_i+0x22e>
    1a0e:	00672023          	sw	t1,0(a4)
    1a12:	0405f593          	andi	a1,a1,64
    1a16:	4298                	lw	a4,0(a3)
    1a18:	d9ed                	beqz	a1,1a0a <_printf_i+0x21c>
    1a1a:	a30a                	sh	a0,0(a4)
    1a1c:	00042823          	sw	zero,16(s0)
    1a20:	84b2                	mv	s1,a2
    1a22:	b791                	j	1966 <_printf_i+0x178>
    1a24:	4314                	lw	a3,0(a4)
    1a26:	4581                	li	a1,0
    1a28:	00468613          	addi	a2,a3,4
    1a2c:	c310                	sw	a2,0(a4)
    1a2e:	4284                	lw	s1,0(a3)
    1a30:	4050                	lw	a2,4(s0)
    1a32:	8526                	mv	a0,s1
    1a34:	3949                	jal	16c6 <memchr>
    1a36:	c119                	beqz	a0,1a3c <_printf_i+0x24e>
    1a38:	8d05                	sub	a0,a0,s1
    1a3a:	c048                	sw	a0,4(s0)
    1a3c:	4058                	lw	a4,4(s0)
    1a3e:	c818                	sw	a4,16(s0)
    1a40:	040401a3          	sb	zero,67(s0)
    1a44:	b70d                	j	1966 <_printf_i+0x178>
    1a46:	4814                	lw	a3,16(s0)
    1a48:	4592                	lw	a1,4(sp)
    1a4a:	4502                	lw	a0,0(sp)
    1a4c:	47a2                	lw	a5,8(sp)
    1a4e:	8626                	mv	a2,s1
    1a50:	9782                	jalr	a5
    1a52:	577d                	li	a4,-1
    1a54:	f2e502e3          	beq	a0,a4,1978 <_printf_i+0x18a>
    1a58:	4018                	lw	a4,0(s0)
    1a5a:	8b09                	andi	a4,a4,2
    1a5c:	eb15                	bnez	a4,1a90 <_printf_i+0x2a2>
    1a5e:	4772                	lw	a4,28(sp)
    1a60:	4448                	lw	a0,12(s0)
    1a62:	f0e55ce3          	bge	a0,a4,197a <_printf_i+0x18c>
    1a66:	853a                	mv	a0,a4
    1a68:	bf09                	j	197a <_printf_i+0x18c>
    1a6a:	4592                	lw	a1,4(sp)
    1a6c:	4502                	lw	a0,0(sp)
    1a6e:	47a2                	lw	a5,8(sp)
    1a70:	4685                	li	a3,1
    1a72:	c83a                	sw	a4,16(sp)
    1a74:	c632                	sw	a2,12(sp)
    1a76:	9782                	jalr	a5
    1a78:	56fd                	li	a3,-1
    1a7a:	eed50fe3          	beq	a0,a3,1978 <_printf_i+0x18a>
    1a7e:	4742                	lw	a4,16(sp)
    1a80:	4632                	lw	a2,12(sp)
    1a82:	0705                	addi	a4,a4,1
    1a84:	4454                	lw	a3,12(s0)
    1a86:	45f2                	lw	a1,28(sp)
    1a88:	8e8d                	sub	a3,a3,a1
    1a8a:	fed740e3          	blt	a4,a3,1a6a <_printf_i+0x27c>
    1a8e:	bfc1                	j	1a5e <_printf_i+0x270>
    1a90:	4701                	li	a4,0
    1a92:	01940613          	addi	a2,s0,25
    1a96:	b7fd                	j	1a84 <_printf_i+0x296>

00001a98 <_read_r>:
    1a98:	1151                	addi	sp,sp,-12
    1a9a:	c222                	sw	s0,4(sp)
    1a9c:	842a                	mv	s0,a0
    1a9e:	852e                	mv	a0,a1
    1aa0:	85b2                	mv	a1,a2
    1aa2:	8636                	mv	a2,a3
    1aa4:	8201a023          	sw	zero,-2016(gp) # 200000c0 <errno>
    1aa8:	c406                	sw	ra,8(sp)
    1aaa:	20a1                	jal	1af2 <_read>
    1aac:	57fd                	li	a5,-1
    1aae:	00f51663          	bne	a0,a5,1aba <_read_r+0x22>
    1ab2:	8201a783          	lw	a5,-2016(gp) # 200000c0 <errno>
    1ab6:	c391                	beqz	a5,1aba <_read_r+0x22>
    1ab8:	c01c                	sw	a5,0(s0)
    1aba:	40a2                	lw	ra,8(sp)
    1abc:	4412                	lw	s0,4(sp)
    1abe:	0131                	addi	sp,sp,12
    1ac0:	8082                	ret

00001ac2 <_close>:
    1ac2:	05800793          	li	a5,88
    1ac6:	82f1a023          	sw	a5,-2016(gp) # 200000c0 <errno>
    1aca:	557d                	li	a0,-1
    1acc:	8082                	ret

00001ace <_fstat>:
    1ace:	05800793          	li	a5,88
    1ad2:	82f1a023          	sw	a5,-2016(gp) # 200000c0 <errno>
    1ad6:	557d                	li	a0,-1
    1ad8:	8082                	ret

00001ada <_isatty>:
    1ada:	05800793          	li	a5,88
    1ade:	82f1a023          	sw	a5,-2016(gp) # 200000c0 <errno>
    1ae2:	4501                	li	a0,0
    1ae4:	8082                	ret

00001ae6 <_lseek>:
    1ae6:	05800793          	li	a5,88
    1aea:	82f1a023          	sw	a5,-2016(gp) # 200000c0 <errno>
    1aee:	557d                	li	a0,-1
    1af0:	8082                	ret

00001af2 <_read>:
    1af2:	05800793          	li	a5,88
    1af6:	82f1a023          	sw	a5,-2016(gp) # 200000c0 <errno>
    1afa:	557d                	li	a0,-1
    1afc:	8082                	ret
    1afe:	0000                	unimp
    1b00:	3d3d                	jal	193e <_printf_i+0x150>
    1b02:	203d                	jal	1b30 <_read+0x3e>
    1b04:	494c                	lw	a1,20(a0)
    1b06:	454e                	lw	a0,208(sp)
    1b08:	5320                	lw	s0,96(a4)
    1b0a:	4e45                	li	t3,17
    1b0c:	20524f53          	.4byte	0x20524f53
    1b10:	4554                	lw	a3,12(a0)
    1b12:	4d205453          	.4byte	0x4d205453
    1b16:	2045444f          	.4byte	0x2045444f
    1b1a:	3d3d                	jal	1958 <_printf_i+0x16a>
    1b1c:	0d3d                	addi	s10,s10,15
    1b1e:	0000                	unimp
    1b20:	6f46                	.2byte	0x6f46
    1b22:	6d72                	.2byte	0x6d72
    1b24:	7461                	lui	s0,0xffff8
    1b26:	203a                	lhu	a4,2(s0)
    1b28:	314c                	lbu	a1,5(a0)
    1b2a:	4c20                	lw	s0,88(s0)
    1b2c:	2032                	lhu	a2,2(s0)
    1b2e:	334c                	lbu	a1,5(a4)
    1b30:	4c20                	lw	s0,88(s0)
    1b32:	2034                	lbu	a3,2(s0)
    1b34:	354c                	lbu	a1,13(a0)
    1b36:	7c20                	.2byte	0x7c20
    1b38:	4220                	lw	s0,64(a2)
    1b3a:	5459                	li	s0,-10
    1b3c:	0d45                	addi	s10,s10,17
    1b3e:	0000                	unimp
    1b40:	2020                	lbu	s0,2(s0)
    1b42:	0020                	addi	s0,sp,8
    1b44:	6425                	lui	s0,0x9
    1b46:	0020                	addi	s0,sp,8
    1b48:	207c                	lbu	a5,6(s0)
    1b4a:	0000                	unimp
    1b4c:	6425                	lui	s0,0x9
    1b4e:	0000                	unimp
    1b50:	000d                	c.nop	3
	...

00001b54 <__sf_fake_stderr>:
	...

00001b74 <__sf_fake_stdout>:
	...

00001b94 <__sf_fake_stdin>:
	...
    1bb4:	2d23 2b30 0020 0000 6c68 004c 6665 4567     #-0+ ...hlL.efgE
    1bc4:	4746 0000 3130 3332 3534 3736 3938 4241     FG..0123456789AB
    1bd4:	4443 4645 0000 0000 3130 3332 3534 3736     CDEF....01234567
    1be4:	3938 6261 6463 6665 0000 0000 fc64 ffff     89abcdef....d...
    1bf4:	fc7a ffff fc3a ffff fc3a ffff fc3a ffff     z...:...:...:...
    1c04:	fc3a ffff fc7a ffff fc3a ffff fc3a ffff     :...z...:...:...
    1c14:	fc3a ffff fc3a ffff fe02 ffff fd00 ffff     :...:...........
    1c24:	fd96 ffff fc3a ffff fc3a ffff fe34 ffff     ....:...:...4...
    1c34:	fc3a ffff fd00 ffff fc3a ffff fc3a ffff     :.......:...:...
    1c44:	fd9e ffff                                   ....
